ID,guests,beds,bathrooms,Price_Night,Cleanliness_rating,Accuracy_rating,Communication_rating,Location_rating,Check-in_rating,Value_rating,amenities_count,bedrooms
f9dcbd09-32ac-41d9-a0b1-fdb2793378cf,2.0,1.0,1.0,105,4.6,4.7,4.3,5.0,4.3,4.3,13.0,1.0
1b4736a7-e73e-45bc-a9b5-d3e7fcf652fd,3.0,3.0,0.0,92,4.3,4.7,4.6,4.9,4.7,4.5,8.0,1.0
d577bc30-2222-4bef-a35e-a9825642aec4,4.0,2.0,1.5,52,4.2,4.6,4.8,4.8,4.8,4.7,51.0,1.0
ca9cbfd4-7798-4e8d-8c17-d5a64fba0abc,2.0,1.0,1.0,132,4.8,4.9,4.9,4.9,5.0,4.6,23.0,1.0
cfe479b9-c8f8-44af-9bc6-46ede9f14bb5,4.0,3.0,1.0,143,5.0,4.9,5.0,4.7,5.0,4.7,32.0,2.0
93b1bfb4-67e7-4d70-9d84-b5e24f820d8c,3.0,2.0,1.0,101,4.7,4.7,4.8,4.8,4.7,4.3,6.0,1.0
9033002f-5ff2-45df-af91-ef1594ac353f,6.0,5.0,1.0,94,4.2,4.4,4.6,4.3,4.8,4.3,31.0,2.0
59705407-dc9b-444f-b0b0-afc472ca7c7f,4.0,3.0,1.0,247,4.9,4.8,4.8,4.6,4.9,4.4,24.0,1.0
36dc1670-02ae-483b-9384-9261cc0f5abe,3.0,2.0,1.0,104,4.5,4.7,4.8,4.8,4.8,4.4,10.0,1.0
1e304e46-bf16-4ad4-9a94-844346a8c61e,5.0,4.0,1.0,106,4.3,4.5,4.4,4.8,4.5,4.1,10.0,1.0
02395b8b-2732-43a0-b895-8e5b10da1307,2.0,1.0,1.0,126,5.0,5.0,4.8,5.0,5.0,4.8,8.0,1.0
29b69639-19a7-43e0-8b33-5af8414360e4,5.0,4.0,1.0,214,4.9,4.4,4.3,4.9,4.6,4.3,5.0,1.0
b27a170c-6c82-4767-b438-a492a1604221,5.0,3.0,1.0,110,5.0,4.7,5.0,5.0,4.9,4.7,10.0,1.0
f2eb10f9-bab9-40fc-9f76-7386bf3128e4,2.0,1.0,1.0,85,4.8,4.9,5.0,5.0,4.9,4.5,8.0,1.0
a041e9a9-e3b5-49d1-b18c-b55c7735132d,4.0,1.0,1.0,91,4.3,4.7,5.0,5.0,5.0,4.7,38.0,1.0
6bfda60f-f731-49e5-8f3c-db0d352bfdaa,4.0,2.0,1.0,174,4.9,4.9,4.9,4.9,4.9,4.8,33.0,1.0
835ac009-b615-4046-ab8c-88f42ad340be,2.0,2.0,1.5,139,5.0,5.0,5.0,5.0,5.0,4.9,35.0,1.0
bbd6adc1-95d1-41b5-a7aa-b86f6c11800c,5.0,2.0,1.0,96,5.0,5.0,5.0,5.0,5.0,4.9,12.0,1.0
de5ddea8-742e-4efc-a018-6649d84f1f06,8.0,3.0,1.0,141,4.9,4.9,4.9,4.9,5.0,4.7,15.0,2.0
f725cf62-8ef8-4874-aef8-ade1164b3bba,2.0,1.0,1.0,309,5.0,5.0,5.0,5.0,5.0,4.6,36.0,1.0
a0368dbd-b099-457a-bc5c-774f76e6327f,2.0,1.0,1.0,248,4.9,4.0,4.9,5.0,4.9,4.4,8.0,1.0
f9e0fab9-a179-4d84-a6f8-dde744bba29c,2.0,2.0,1.0,130,4.9,5.0,4.9,4.7,5.0,4.7,13.0,1.0
6612df69-850f-49a4-8293-56862b6ec44d,4.0,1.0,1.0,499,5.0,5.0,5.0,5.0,5.0,5.0,39.0,1.0
79ac0b72-313f-4d5c-9c45-75a3f4738057,4.0,2.0,1.0,670,4.9,5.0,5.0,5.0,4.9,4.8,15.0,1.0
8a40e07f-5d85-4354-8fea-0d7f40786ffb,5.0,4.0,1.0,153,4.9,5.0,4.9,4.9,5.0,4.8,28.0,1.0
0613e7f0-216e-49cf-a87e-4cdf01101f1b,3.0,2.0,1.5,168,4.8,4.9,5.0,4.7,4.7,4.9,50.0,1.0
119b3758-1146-477c-89cd-34b422f04eb7,4.0,4.0,1.0,149,5.0,4.9,5.0,4.9,5.0,4.9,35.0,1.0
080ed89e-3350-4623-b796-ab818c5a7a27,2.0,1.0,1.0,280,5.0,5.0,5.0,5.0,5.0,4.8,36.0,1.0
af58e92d-cf04-4689-b4a1-3a1b1663059b,4.0,2.0,1.0,171,5.0,5.0,5.0,4.8,5.0,4.8,43.0,1.0
151bf7cd-72d2-4cc3-ac9c-621b9339193f,4.0,2.0,1.0,238,4.8,4.8,4.9,4.8,5.0,4.6,28.0,1.0
48743477-060a-41e6-87d5-97f891935ff0,2.0,1.0,1.0,99,5.0,5.0,5.0,5.0,5.0,5.0,16.0,1.0
abf96f14-a5d4-4d4d-9579-faa539bfb39c,2.0,2.0,1.0,142,4.9,4.9,5.0,5.0,5.0,5.0,57.0,1.0
d7be650b-ebd8-468f-98db-046464ea6e1e,2.0,1.0,1.0,413,5.0,4.9,5.0,4.9,5.0,4.8,30.0,1.0
a2d1f72e-8a7a-48d4-8362-88c6cf727f4d,7.0,3.0,1.0,206,4.8,4.9,4.9,4.9,5.0,4.7,25.0,1.0
34ce0098-b845-4e8f-bff8-8094c0769464,4.0,1.0,1.0,123,4.9,4.9,4.9,4.9,5.0,4.7,42.0,1.0
b299ee2a-d31a-4fe0-a115-d4ecdf2695bd,2.0,1.0,1.0,125,5.0,5.0,5.0,4.8,5.0,4.9,17.0,1.0
498caddc-8831-43f9-af17-9ef76b34ab01,2.0,1.0,1.0,130,5.0,5.0,5.0,5.0,5.0,4.9,42.0,1.0
0b9c12c6-4173-473d-928b-33e07e311809,6.0,3.0,1.0,222,4.9,5.0,5.0,5.0,5.0,4.8,28.0,2.0
39bf7b3a-2090-496c-a138-255c4f4d7990,2.0,1.0,1.0,188,5.0,4.9,4.9,5.0,5.0,4.5,22.0,1.0
7db68077-be40-4da6-9c12-f024827ea3f1,2.0,1.0,1.0,54,4.9,4.9,5.0,4.9,4.9,4.8,20.0,1.0
29861139-145b-4573-b029-bf46e635b77e,8.0,4.0,1.0,212,5.0,5.0,5.0,5.0,5.0,4.9,38.0,2.0
27782e14-6fb9-40d4-baae-2e7459e4c1d5,2.0,1.0,1.0,151,5.0,4.9,4.9,5.0,5.0,4.9,52.0,1.0
ed0e0b32-a927-4515-bf05-2db22549a819,4.0,2.0,1.0,149,5.0,5.0,5.0,5.0,5.0,4.8,34.0,1.0
d316a3e3-5ec5-4294-a7af-5169fc02b441,6.0,2.0,1.0,249,4.6,4.8,4.9,4.8,5.0,4.6,33.0,1.0
75ff98ca-9fab-4fa1-b95d-369f826b36fc,4.0,1.0,1.0,101,4.9,5.0,5.0,5.0,5.0,4.9,38.0,1.0
112c3c4a-48cc-46f5-b17e-d7c9e939e467,6.0,3.0,1.5,311,4.9,5.0,5.0,4.9,5.0,4.8,50.0,2.0
00c92f42-2049-49d0-a3ff-f214cb08253d,4.0,3.0,1.5,53,4.9,4.9,4.9,4.9,4.9,4.6,38.0,1.0
2f31e30f-9501-473d-833b-2db5a2ec0971,4.0,2.0,2.5,179,5.0,5.0,5.0,4.9,5.0,4.8,30.0,1.0
a516d61c-4380-45f4-9d20-127429769554,2.0,1.0,1.0,188,5.0,5.0,5.0,5.0,5.0,4.8,41.0,1.0
f8ba7756-fc3a-4671-bc72-fdcbd3c7f7aa,2.0,1.0,1.0,66,5.0,4.8,4.9,4.9,4.9,4.8,29.0,1.0
f74db1f8-fc40-4142-97d4-b18a3fec83b3,6.0,6.0,1.0,134,5.0,4.9,4.9,4.8,5.0,4.8,40.0,2.0
8eb77929-5fa8-4610-a44d-0e3d17ff62c3,2.0,1.0,1.5,148,4.7,4.7,4.8,4.8,4.8,4.8,22.0,1.0
b39e789c-599a-4bf2-bc6f-3ecdcab9ca62,2.0,1.0,1.0,224,4.9,4.9,5.0,4.9,5.0,4.8,34.0,1.0
b28245ee-1a6f-4554-9ae1-6575954aa7ee,2.0,1.0,1.0,135,5.0,4.9,5.0,4.9,5.0,4.7,21.0,1.0
a439a9d3-9b61-46aa-b058-35c7bbed0601,2.0,2.0,1.0,138,5.0,4.9,5.0,4.8,5.0,4.8,23.0,1.0
da280834-fbc7-4e01-bbd3-ee1c43bc92fa,2.0,2.0,1.0,161,4.7,4.8,5.0,4.9,4.9,4.7,84.0,1.0
25fea676-0232-437f-93b0-ff08569ecfd6,2.0,1.0,1.0,107,4.9,4.9,4.9,5.0,4.9,4.7,15.0,1.0
93a7f297-f4a7-4b56-a8fe-ff93b98d8206,2.0,1.0,1.0,184,5.0,5.0,5.0,5.0,5.0,4.9,13.0,1.0
d0ba8c50-447e-4c6e-a142-3b884b3b4463,2.0,1.0,1.0,140,4.5,5.0,5.0,4.5,5.0,5.0,10.0,1.0
86be246f-975c-47e3-b01b-575082b5459d,6.0,4.0,1.0,105,4.6,4.8,4.9,4.9,4.9,4.6,36.0,2.0
f4b6049a-8b40-493c-bfa4-f2a8bfc5f233,2.0,1.0,1.0,112,5.0,5.0,5.0,4.9,5.0,4.9,38.0,1.0
6ba80cfb-f6c4-4681-a676-7eecd5b41efd,2.0,1.0,1.0,94,5.0,5.0,5.0,5.0,5.0,5.0,24.0,1.0
da57350f-89be-4f16-8d3e-353c3140816d,4.0,3.0,1.0,61,4.8,4.9,4.9,4.7,4.9,4.8,28.0,2.0
650d0048-d0df-48fa-bbbb-8fa656665841,2.0,1.0,1.0,295,5.0,5.0,5.0,5.0,5.0,4.9,43.0,1.0
d0ef7401-f427-4774-840b-2ee6ba3cd9c6,2.0,1.0,1.0,58,5.0,5.0,5.0,4.9,4.8,4.9,30.0,2.0
28f12753-7968-4156-800d-89aab86159dd,4.0,2.0,1.0,60,4.9,5.0,5.0,4.9,5.0,4.9,45.0,1.0
cb41695c-fa79-4294-b5c9-5b760a936ea3,2.0,1.0,1.0,91,5.0,5.0,5.0,5.0,4.9,4.9,21.0,1.0
7d910a63-8655-4ca2-85b6-567b12ed1d9e,2.0,1.0,1.0,153,5.0,4.9,5.0,4.9,5.0,4.9,35.0,1.0
f1d119c1-afa4-4049-ab40-ff1c50922237,2.0,1.0,1.5,112,4.9,4.9,4.8,4.9,4.9,4.7,69.0,1.0
f85cbd25-a7e9-419f-aa04-d620e2f98e98,3.0,1.0,1.0,170,4.8,4.9,5.0,4.9,5.0,4.7,29.0,1.0
8aae07f3-6f21-4994-9142-3705c2ea7f44,2.0,1.0,1.0,201,5.0,5.0,5.0,5.0,5.0,5.0,24.0,1.0
7190eea8-09af-49f5-8d39-57edbc2e157c,6.0,3.0,1.5,49,4.9,4.9,5.0,4.8,4.9,4.8,27.0,1.0
9d3f6089-ac6e-4497-97c2-b0c8fb5278ef,4.0,2.0,1.0,103,4.9,5.0,5.0,4.9,5.0,4.9,22.0,1.0
aa139422-88c1-4b3e-acdc-76d6227ca054,7.0,5.0,1.0,270,5.0,5.0,5.0,5.0,5.0,4.8,43.0,1.0
6bafa0b1-2316-4043-90d4-b4dea059fe90,2.0,1.0,1.0,197,4.8,4.9,5.0,5.0,5.0,4.7,41.0,1.0
0631a4a6-de76-4276-ba9c-63c34d08ad9c,2.0,1.0,1.0,44,4.7,4.9,4.9,5.0,4.9,4.5,30.0,1.0
5e7b8a6d-e5c6-4140-8601-aee85cde6786,3.0,1.0,1.0,138,5.0,4.9,5.0,4.9,5.0,4.8,27.0,1.0
40c681ef-4c03-4470-b861-c5f44180b44c,2.0,1.0,1.0,54,4.9,4.9,4.9,4.8,4.8,4.8,27.0,1.0
198c1f27-f268-45f6-a983-7ffcc75c48fa,4.0,2.0,1.0,422,5.0,5.0,5.0,5.0,5.0,5.0,29.0,1.0
8f5d3c10-c1f1-4fec-b06f-79d63f3c0e17,4.0,2.0,1.0,218,5.0,5.0,5.0,5.0,5.0,4.8,30.0,2.0
d9f1c126-2489-47f2-8dca-c5727abab43c,4.0,3.0,1.0,157,5.0,5.0,5.0,5.0,5.0,4.9,48.0,1.0
99922c0b-1a82-4d3b-8f70-1c21d62dff0e,2.0,1.0,1.0,105,4.6,4.9,5.0,4.9,4.9,4.7,27.0,1.0
2f45f1f7-ba00-4088-9143-1174edc4d647,4.0,2.0,1.0,137,4.8,4.8,4.9,4.9,5.0,4.6,39.0,2.0
0bfa629e-310f-4bdc-8ee7-a34cbaae17b0,4.0,2.0,1.0,139,4.6,4.8,4.9,4.9,5.0,4.7,28.0,1.0
74b855ba-1462-4735-ba17-0bd7c372a3d0,2.0,1.0,1.0,100,5.0,5.0,5.0,5.0,5.0,5.0,43.0,1.0
1a1b6eac-86c0-41c3-b5ea-25a0c7da412e,4.0,2.0,1.0,98,4.9,5.0,5.0,4.9,5.0,4.7,31.0,2.0
94a0cc92-e8ad-4fc8-8d88-de88f51d0e9f,4.0,1.0,1.0,98,4.9,5.0,5.0,4.9,5.0,4.8,48.0,1.0
304d46c1-c6bf-45d3-9f6b-f965e180332e,3.0,2.0,1.0,223,5.0,4.9,5.0,4.9,5.0,4.7,34.0,1.0
559ad59a-6883-4cdf-a24d-9219aa30af23,4.0,2.0,1.0,230,5.0,5.0,5.0,5.0,5.0,5.0,32.0,1.0
d363a1c6-ee0c-4c58-a15d-7f35331b70b2,4.0,2.0,1.0,140,4.8,4.9,5.0,4.9,5.0,4.8,24.0,1.0
4523de95-597c-4b97-8695-377b7e380afb,4.0,2.0,1.0,297,5.0,5.0,5.0,5.0,5.0,4.7,36.0,2.0
1ce5c3b9-c737-4095-a730-d3d08c171c8e,2.0,1.0,1.0,212,5.0,4.9,4.9,4.9,5.0,4.8,34.0,1.0
218fb657-46a9-4874-8797-b584c05b14a1,4.0,2.0,1.0,500,4.8,4.9,5.0,5.0,5.0,4.6,19.0,2.0
95afe74c-2891-4c46-bca4-5a6647071c30,4.0,2.0,1.0,137,4.9,4.9,5.0,4.9,5.0,4.8,38.0,1.0
0d964d32-567b-4e58-86f1-80fd486357f2,5.0,2.0,1.0,127,4.3,4.8,4.8,4.8,4.8,4.3,41.0,1.0
278cdfbe-a9b5-4dc8-bd4c-411e10b2e18f,2.0,1.0,1.0,73,4.9,4.9,5.0,4.7,5.0,4.7,26.0,1.0
792c3d43-ded8-4a72-952f-7c3c6e3ef574,2.0,1.0,1.0,101,4.8,4.9,4.8,4.7,4.9,4.9,10.0,1.0
437a8ec8-db6d-4ffd-8907-f15ba6ae79bf,2.0,1.0,1.0,56,4.6,4.9,4.9,4.4,4.9,4.7,18.0,1.0
3b7f1be9-736c-4a6d-a2af-e4a50e5dde3a,4.0,3.0,1.5,199,5.0,5.0,5.0,4.9,5.0,4.8,35.0,1.0
5ebb9dfe-9099-4306-bb18-9f5962c02657,2.0,1.0,1.0,38,4.8,4.9,4.9,4.8,4.9,4.8,19.0,1.0
f20a5476-78d5-4999-bffe-812bd363f44d,4.0,1.0,1.0,211,4.9,5.0,5.0,4.9,5.0,4.8,39.0,1.0
7dd23774-470c-470f-98ea-c4119e014f34,2.0,1.0,1.0,112,4.9,5.0,5.0,4.9,5.0,4.9,33.0,1.0
073f37ac-2067-4352-bf34-7243dc22cd78,4.0,2.0,1.0,141,4.9,5.0,5.0,4.9,5.0,4.8,30.0,1.0
978969a4-9f19-4075-b007-13f12f188ab9,2.0,1.0,1.0,82,5.0,5.0,5.0,4.9,5.0,4.9,31.0,1.0
b1ff0925-e32a-493b-b594-64b74ecdb432,2.0,1.0,1.0,71,5.0,4.9,4.9,4.9,4.9,4.8,27.0,1.0
1b58aba8-83de-461f-8493-3f638c0ddc27,4.0,1.0,1.0,100,4.9,4.9,5.0,4.9,5.0,4.9,18.0,1.0
14aee452-c348-41af-96fc-9ae99f408c22,2.0,1.0,1.0,202,4.9,4.9,4.9,4.9,4.9,4.5,10.0,1.0
733e26ca-d4f7-41ee-93e9-cd1f0f20b1d2,8.0,2.0,1.0,73,4.9,4.9,4.9,4.9,5.0,4.8,44.0,1.0
58de3aed-336c-423b-b71e-75badf14cd16,3.0,2.0,1.0,128,5.0,5.0,5.0,4.9,5.0,4.8,28.0,2.0
3282a2d9-4029-4531-abc0-836aaba82d9c,5.0,3.0,1.0,500,4.7,4.7,4.6,5.0,4.7,4.3,18.0,1.0
4b37e7d5-ce97-4597-b16f-b0a8f35f169b,4.0,2.0,1.0,145,4.9,4.9,5.0,4.9,5.0,4.8,18.0,1.0
2cd46fc7-f85c-41d5-9bf0-50c78ba6aaa2,3.0,1.0,1.0,84,5.0,5.0,5.0,5.0,5.0,5.0,38.0,1.0
48fdf72d-fd90-419b-9e6a-a2dd0883377c,4.0,2.0,1.0,107,4.9,4.8,4.8,4.9,4.8,4.4,14.0,1.0
56f5e5d3-f2e7-446e-bb95-b4a3606005e3,5.0,2.0,1.0,112,4.9,4.9,4.9,4.9,5.0,4.8,16.0,2.0
5ac21194-cf26-4903-8970-12df01aabe4b,2.0,1.0,1.0,71,4.8,4.8,4.7,4.9,4.7,4.6,33.0,1.0
ef68ee19-751a-4ffc-a73b-c0e71c253cee,2.0,1.0,1.0,36,5.0,5.0,5.0,5.0,5.0,5.0,30.0,1.0
efa70ffa-d66e-415f-b9e9-62b4bab5ed0d,2.0,1.0,2.0,36,4.6,4.7,4.9,4.8,4.8,4.8,27.0,1.0
0bc81d1b-eb56-41d7-811f-b6052f526e91,6.0,3.0,1.5,210,4.8,4.9,5.0,4.9,5.0,4.7,49.0,2.0
e9c6bc57-6982-4be5-916a-f99ca0078029,2.0,1.0,1.0,104,4.3,4.4,4.6,4.8,4.7,4.3,30.0,1.0
e065db73-f199-4054-a294-1115dc0f6dca,14.0,9.0,4.0,395,4.9,4.9,5.0,5.0,5.0,4.8,37.0,5.0
dd514e1d-cd09-46fd-b7e5-aed57167eecc,4.0,2.0,0.0,40,4.6,4.8,4.8,4.8,4.8,4.6,4.0,1.0
1de9325b-f830-43fb-9447-754f6f5e1a20,4.0,4.0,0.0,43,5.0,5.0,5.0,5.0,5.0,5.0,24.0,1.0
13972121-0601-4a85-9041-768320bd8cc4,2.0,1.0,1.0,122,4.8,5.0,4.9,5.0,5.0,4.9,23.0,1.0
6d7dca73-a760-4984-a456-8cbbbd24d662,4.0,2.0,1.0,77,5.0,5.0,5.0,4.9,5.0,4.9,32.0,1.0
350fa320-bfd5-410f-94ea-07c93c21b09f,2.0,1.0,1.0,92,4.9,4.8,4.8,4.9,4.9,4.8,32.0,1.0
9c3e1fb2-50ad-41af-8ece-5b59ca527d1d,2.0,1.0,1.0,86,5.0,5.0,5.0,4.7,5.0,4.8,42.0,1.0
32418ef3-0044-428f-a324-ada13be27a31,4.0,4.0,1.0,92,4.5,4.5,4.5,4.8,4.4,4.2,20.0,1.0
c4e32eed-c3cd-4d4a-831b-a8e7e720b645,8.0,5.0,1.0,510,4.7,4.8,4.9,4.9,4.9,4.5,14.0,3.0
cd2a3dbf-f523-4d4f-ac34-eac8c12f97b2,2.0,1.0,1.0,68,4.9,4.9,5.0,4.9,5.0,4.9,48.0,1.0
c0c67e6a-ff15-4b26-98c2-06c1a3777a62,4.0,2.0,2.0,105,4.9,5.0,5.0,4.8,5.0,4.9,31.0,2.0
8925239d-4aac-4972-916e-a70cf2c4c560,2.0,1.0,1.0,39,4.9,4.9,5.0,4.8,5.0,4.8,38.0,1.0
cbf32493-59f1-44be-8c43-89a819881bf5,4.0,3.0,2.0,474,4.9,5.0,5.0,5.0,5.0,4.9,31.0,1.0
cbabe214-676a-4daa-9933-f97ca0abd7a2,4.0,2.0,1.0,63,5.0,4.9,5.0,4.9,5.0,4.8,16.0,1.0
660a2efe-1116-45b1-85de-986ca17bd7e4,4.0,3.0,1.0,102,4.6,4.4,4.6,4.7,4.6,4.4,21.0,1.0
c2bd4a18-78b2-40fc-9ba8-57d43a3f6552,4.0,3.0,2.0,482,4.9,4.9,5.0,4.9,5.0,4.9,67.0,2.0
58b14ec0-e950-4709-b3ea-477085d017c5,4.0,3.0,1.0,211,5.0,4.9,5.0,5.0,4.9,4.8,43.0,2.0
f7d6863b-1bea-4784-9cc4-0acc6ed9c34d,2.0,1.0,1.0,66,4.9,4.8,4.8,4.6,4.9,4.8,58.0,1.0
1b8f7167-39cc-4c09-bce0-a62cba558817,4.0,1.0,1.0,121,4.7,4.9,4.9,4.9,4.9,4.5,35.0,1.0
3906a2c5-7c92-4a38-b97e-4b68dd314cf8,2.0,1.0,1.0,40,4.8,4.9,4.9,4.7,4.9,4.9,32.0,1.0
f7c10e21-f15b-4650-b7b4-7f57e50a6397,3.0,2.0,1.0,43,4.7,4.9,4.9,4.9,4.9,4.9,3.0,1.0
c55b4a35-b3ea-4f7d-8df0-45d929219b75,4.0,2.0,1.0,368,4.3,4.3,3.9,4.0,3.9,4.0,23.0,1.0
6536e8d3-3c12-49bc-9fd7-5ada07bd32aa,2.0,1.0,1.0,103,5.0,5.0,5.0,4.9,5.0,4.8,27.0,1.0
bf087328-376f-4ffa-bb7e-ac07522e3e55,4.0,2.0,1.0,73,4.8,4.9,4.8,4.8,4.8,4.8,22.0,2.0
1b1f0245-8049-49f5-820c-55c4f1511b7e,4.0,2.0,1.0,46,4.4,4.2,4.7,4.5,4.7,4.5,25.0,1.0
c68d3eb8-eee4-47a1-873d-2822dad8a8e4,3.0,3.0,1.0,10,4.5,4.8,4.8,4.9,4.8,4.7,10.0,1.0
82ca0c9a-231a-4d67-8a56-6f3262f8d310,2.0,2.0,1.0,122,4.8,5.0,4.9,4.9,5.0,4.9,24.0,1.0
937f0ae1-4fc6-468b-ae49-81291b383262,5.0,5.0,1.0,46,4.9,4.9,4.9,4.9,4.8,4.8,21.0,2.0
db405073-c734-4f7c-a825-8eec454f5687,11.0,6.0,1.0,45,4.9,4.6,4.8,4.7,4.9,4.7,38.0,3.0
eb1f2a62-6453-4ac2-91a3-c706ba0ec414,2.0,1.0,1.0,130,5.0,5.0,4.9,4.9,5.0,4.8,13.0,1.0
ae34b532-4431-4e77-b118-a3d854de373a,2.0,1.0,1.0,98,5.0,5.0,4.3,5.0,5.0,4.3,43.0,1.0
779564f9-706d-4c22-b9a8-620783ea04cc,2.0,1.0,1.0,139,4.9,4.9,4.9,4.9,4.9,4.5,21.0,1.0
e3905199-d75d-4186-92ad-2889592c12f3,6.0,4.0,1.0,125,4.9,5.0,5.0,4.9,5.0,4.8,16.0,1.0
fd748bb9-13ed-4aca-b430-430f4d49e299,3.0,2.0,1.0,61,4.9,4.9,4.9,4.8,5.0,4.9,25.0,1.0
32bb70b2-8534-4b7e-a433-a0bf26300c6e,2.0,1.0,1.0,72,4.7,4.8,5.0,4.9,4.9,4.5,19.0,1.0
b49a1000-cd0f-4c7d-8948-041f9ae44f75,4.0,2.0,1.0,79,4.8,5.0,5.0,5.0,5.0,4.7,19.0,1.0
3ab5d2ca-fd9f-46e1-a4dd-eb70cbb7ee3f,2.0,1.0,2.0,19,4.6,4.9,4.9,4.8,4.9,4.8,26.0,1.0
02fe9759-ffbe-437d-a6f2-2a5c6be0a3ac,7.0,4.0,1.5,116,4.9,4.7,5.0,5.0,5.0,4.3,18.0,1.0
fb371453-01e9-4f8e-bc54-f0d530ad5693,5.0,4.0,1.0,34,4.0,4.7,4.9,4.9,4.8,4.7,16.0,2.0
140d7389-94cc-4230-8280-59d51aff698d,2.0,1.0,1.0,128,4.9,4.9,5.0,4.8,4.9,4.6,50.0,1.0
1655996b-468c-42ff-bedc-a4ba953537c2,4.0,2.0,1.0,63,4.8,4.7,5.0,4.9,5.0,4.8,12.0,1.0
fdce3f3c-8f6b-4133-9423-c9ad5d5a96ec,4.0,2.0,1.0,95,4.7,4.9,4.9,4.9,4.9,4.8,13.0,1.0
0817e86f-0a0a-4e7a-a1e2-9f506bfa1f1d,2.0,1.0,1.0,44,4.6,4.8,4.9,4.9,4.9,4.7,29.0,1.0
e49e5ebc-056d-4f34-b319-746bb74e0107,4.0,2.0,1.0,43,4.7,4.9,4.9,4.9,5.0,5.0,3.0,1.0
2b11a8f2-ce28-4bd1-b86b-a0430326988d,2.0,1.0,1.0,82,5.0,5.0,5.0,4.9,5.0,4.7,15.0,1.0
2794cce8-0432-45ea-ad38-8da0432d0ed9,6.0,1.0,1.0,161,4.7,4.8,5.0,5.0,5.0,4.8,25.0,1.0
fe17e53c-896d-4475-88aa-57fddcd6cf1b,6.0,3.0,1.0,161,4.8,4.8,4.8,4.8,4.9,4.8,40.0,1.0
24f70421-76d2-4be6-a811-61e225039164,2.0,1.0,1.0,294,5.0,4.9,4.9,4.9,4.8,4.6,12.0,1.0
c6de3f82-1e9f-42b4-b980-24b169da0948,3.0,3.0,1.0,91,5.0,5.0,5.0,5.0,5.0,5.0,35.0,1.0
354e50b1-06d2-47ab-87d8-4a3696932d39,4.0,3.0,1.0,238,4.6,5.0,4.9,5.0,4.9,4.5,16.0,1.0
07cbb27b-72ed-4729-868a-6d80b5e8bf60,8.0,6.0,2.0,432,4.7,4.6,5.0,5.0,5.0,4.8,22.0,4.0
079e76d8-fa3b-4b0a-95a4-38a563f3d9d3,2.0,1.0,1.0,50,4.9,4.4,4.7,4.9,4.9,4.5,6.0,1.0
293d5a83-aa08-4b15-ba77-e25bb32024fc,2.0,1.0,1.0,62,4.4,4.6,4.6,4.8,4.6,4.8,31.0,1.0
f8080bfa-b1a0-4af4-b6a4-c60ce219f5c5,2.0,1.0,1.0,44,5.0,5.0,5.0,5.0,5.0,5.0,15.0,1.0
934c191e-70ee-4d70-89b3-58f33dbd56f9,2.0,1.0,1.0,42,4.8,4.9,5.0,5.0,5.0,4.8,12.0,1.0
357a14e4-5c6b-482b-973c-3b08437fd801,16.0,9.0,5.5,382,4.4,4.5,4.9,4.7,4.8,4.7,51.0,8.0
76209ecc-0033-4d7e-a4fc-0a03c1668fe9,2.0,1.0,1.0,57,4.8,4.8,4.8,4.8,4.9,4.8,6.0,1.0
17c73b76-2727-490e-96e7-2113602e715a,4.0,2.0,1.0,434,5.0,4.9,5.0,4.9,5.0,4.4,26.0,2.0
a4c462c2-b6b0-448c-a397-f1a35b8e9966,4.0,3.0,1.0,122,4.8,4.7,4.8,4.7,4.8,4.2,21.0,1.0
eb1fee5f-81ff-4bac-bce9-483bb82c01da,4.0,2.0,1.0,33,4.8,4.9,4.8,5.0,4.8,4.8,36.0,2.0
d134b5f6-0056-42bb-bd0c-8ba6ac760d99,4.0,2.0,1.0,99,5.0,5.0,5.0,5.0,5.0,5.0,53.0,2.0
c9a9617f-d3bb-46c8-b2ec-2ad77d659ff0,6.0,4.0,1.0,52,4.8,4.8,4.8,4.9,4.9,4.7,16.0,2.0
fcf3d359-21a9-4888-8e80-c5c690ad7fe5,7.0,5.0,2.0,151,4.7,4.9,4.9,4.9,5.0,4.7,29.0,3.0
821542a2-f42b-45ea-8182-38d3ec4ea1e5,1.0,1.0,1.0,106,4.8,4.7,4.9,4.8,4.9,4.6,6.0,1.0
71712af4-0694-417a-9097-4cc531024139,3.0,3.0,1.0,132,5.0,5.0,5.0,5.0,5.0,3.3,33.0,2.0
9df35ff3-c876-4d84-8515-de8acd5be829,2.0,1.0,1.0,49,5.0,5.0,5.0,5.0,5.0,4.7,25.0,1.0
781afa5d-78e7-4711-84a4-fcf5a81993ac,1.0,1.0,1.0,104,4.8,4.8,4.8,4.8,4.9,4.5,22.0,1.0
2534b8b1-05a0-4817-b7fb-c1c3e8bcbc8c,4.0,2.0,1.0,121,5.0,5.0,4.9,4.9,4.9,4.8,21.0,1.0
effe9127-4f30-44bd-a8b3-4527df632aaf,2.0,1.0,1.0,193,5.0,5.0,5.0,4.9,5.0,4.8,48.0,1.0
002717f3-3d2b-44f6-aa98-bc904670883e,4.0,1.0,1.0,238,4.9,4.9,4.9,4.8,5.0,4.6,28.0,1.0
4256eb0a-b3df-4c22-ad42-4d46fe15c732,2.0,1.0,1.0,147,4.8,4.9,4.8,4.9,4.9,4.8,42.0,1.0
bf21fe21-5d1c-414f-a757-fc321dae03a5,2.0,1.0,1.0,105,5.0,5.0,5.0,4.7,5.0,4.6,41.0,1.0
6ecb9f53-ac69-4e51-a288-43f6e603a527,2.0,2.0,1.0,104,4.8,4.8,5.0,5.0,4.9,5.0,32.0,1.0
8a54856f-c282-437b-bd14-02aba9b77d6b,2.0,1.0,1.0,102,5.0,4.9,5.0,4.9,5.0,4.8,43.0,1.0
5821b25c-45ff-4f7a-b058-de620488b87e,2.0,1.0,1.0,36,4.6,4.8,4.8,4.6,4.8,4.6,12.0,1.0
a9dafe48-d984-44e2-89b6-cb71f90c02c7,2.0,1.0,1.0,124,5.0,5.0,5.0,5.0,5.0,4.9,30.0,1.0
f5d70de6-dc60-4e27-a8e2-97a39ac202bf,6.0,4.0,1.0,137,4.8,4.9,5.0,4.9,5.0,4.8,38.0,2.0
9a24e1fc-7f5c-4d42-bb80-00be34694eb8,2.0,1.0,1.0,14,4.6,4.7,4.9,4.8,4.8,4.8,23.0,1.0
ec5fe5ad-cc73-40dc-b493-deb781cb4c48,2.0,1.0,1.0,100,4.9,4.9,4.8,4.9,4.8,4.8,22.0,1.0
e5f7e6f4-9729-42e5-a844-3b8dea6b536c,3.0,2.0,2.0,113,5.0,5.0,5.0,4.9,5.0,4.9,30.0,1.0
e155d093-0cfb-4f7c-857f-6a71d44f92d1,5.0,2.0,0.0,52,4.5,4.5,4.6,4.8,4.8,4.3,5.0,1.0
7e81b647-e7cf-4e90-b17d-543fc21fbf98,4.0,2.0,1.0,57,4.9,5.0,5.0,4.9,5.0,5.0,38.0,1.0
dfe8f7e4-1ae1-4b19-8a9e-d941cf1d5eb1,4.0,2.0,0.0,27,4.4,4.7,4.7,4.9,4.7,4.7,17.0,1.0
c70763fd-efab-48b4-b150-248d14327877,2.0,1.0,1.0,125,4.9,4.9,5.0,4.9,5.0,4.8,32.0,1.0
b831a3b9-ca6b-4a62-846b-ec595e5a85e8,2.0,1.0,1.0,66,4.3,4.7,5.0,5.0,5.0,4.5,35.0,1.0
c81426b9-e250-4dc7-8ac3-d7ef44be6cce,5.0,2.0,1.0,9,4.0,4.0,4.2,4.2,4.2,4.3,42.0,3.0
01e4ba67-c44d-469e-84f2-c7e9d16311d3,2.0,1.0,1.0,23,4.8,4.5,4.9,4.5,4.6,4.8,23.0,1.0
6070d9cd-98cc-4322-9249-790d76211632,4.0,3.0,1.0,23,4.9,5.0,5.0,4.8,4.9,4.9,19.0,1.0
90d9a031-277e-4252-b39b-64494fdc748d,3.0,3.0,1.0,87,5.0,5.0,5.0,5.0,5.0,5.0,51.0,1.0
a5332bb4-8421-4dcc-af7f-927de899d2eb,5.0,4.0,1.0,141,5.0,5.0,5.0,5.0,5.0,5.0,53.0,3.0
a7c1b6a6-b773-41cb-a99a-d23abab4b52d,4.0,3.0,2.0,368,5.0,5.0,5.0,5.0,5.0,4.7,29.0,2.0
764313ad-60b7-426c-b56a-ffe866f80e37,2.0,1.0,1.0,143,4.9,5.0,5.0,4.9,4.9,4.9,37.0,1.0
610ca19d-9ba5-4041-8dda-76fda75d5887,2.0,2.0,1.0,116,5.0,4.9,5.0,4.8,5.0,4.8,38.0,1.0
654ee2a5-1159-4aa0-9342-e4632311f32a,4.0,2.0,2.0,254,5.0,5.0,4.9,4.9,5.0,4.9,43.0,2.0
d91f3ab4-02e7-437d-8e8f-5a0f37e545f5,2.0,1.0,1.0,192,5.0,5.0,5.0,5.0,5.0,4.8,22.0,1.0
98c1528d-8df4-49ce-90a2-c1783f9413a7,6.0,7.0,2.0,241,5.0,5.0,5.0,4.8,5.0,4.8,44.0,2.0
505ff2a8-0560-495b-af88-7b98b361e3d1,1.0,1.0,1.0,64,4.9,4.8,5.0,4.9,4.9,4.7,43.0,1.0
8db1e639-9ff2-4d98-b373-2951c2ace59c,4.0,1.0,2.0,168,5.0,5.0,4.9,5.0,5.0,4.9,44.0,2.0
9b96222b-3036-42ce-ae2f-3c70af35db53,2.0,1.0,1.5,140,4.9,4.9,4.9,4.9,4.9,4.7,37.0,1.0
52ea8ce0-5c54-4ce7-a5dd-1bb09d8396f5,4.0,2.0,1.0,303,4.9,5.0,5.0,5.0,5.0,4.7,51.0,1.0
0074110c-fede-4b85-b1a2-9db725488a51,4.0,4.0,1.5,147,5.0,5.0,5.0,5.0,5.0,4.8,46.0,2.0
133a7c54-8f18-45ef-91e3-827eebb5da7e,2.0,1.0,1.0,88,4.9,4.9,5.0,4.9,5.0,4.8,48.0,1.0
8f86be11-d0cb-4034-b096-ff132e0337f3,2.0,1.0,1.0,74,4.9,5.0,5.0,4.9,5.0,4.8,35.0,1.0
bd504a16-938e-4d21-aab9-b554354f877b,4.0,3.0,2.0,89,4.9,4.9,4.9,4.8,4.9,4.8,37.0,2.0
f876e534-9b9a-4c05-bff4-428632d544a0,2.0,1.0,1.0,150,4.9,5.0,5.0,5.0,5.0,4.8,32.0,1.0
3a573da7-523b-4609-a331-6060f12234f5,2.0,1.0,1.0,158,4.8,5.0,4.9,5.0,5.0,4.9,39.0,1.0
954b1fe2-ae0a-4b29-87eb-1b7b5a51d621,2.0,1.0,1.5,119,5.0,5.0,5.0,4.9,5.0,4.8,29.0,1.0
d051d7d4-f500-4a41-922f-7cf5212e98e1,4.0,3.0,1.5,254,4.9,5.0,5.0,5.0,5.0,4.6,27.0,1.0
e9997289-fd79-46eb-b394-e8a5f914ed67,2.0,1.0,1.5,118,5.0,5.0,5.0,4.9,5.0,5.0,34.0,1.0
d7326ce2-d227-43fd-8260-495a198bc7c6,6.0,3.0,1.0,152,4.8,4.8,4.9,4.9,4.9,4.7,57.0,2.0
07c81f6c-f910-43db-8ab0-4981c0d58750,2.0,1.0,1.0,121,5.0,4.9,5.0,4.8,5.0,4.9,43.0,1.0
53d377ea-df9f-406b-8925-7d4051705683,2.0,1.0,1.0,94,5.0,5.0,5.0,4.9,5.0,4.9,60.0,1.0
e30ba985-157d-4597-87d9-cb05e7ec2678,2.0,1.0,1.0,275,4.7,4.8,4.9,4.9,4.9,4.6,25.0,1.0
84ec7ea4-4e91-4626-973f-e931dd6380d1,2.0,1.0,1.0,235,5.0,5.0,5.0,4.9,5.0,4.7,32.0,1.0
1454b6a1-a239-4b77-99e9-f1a867ef550a,2.0,1.0,1.0,70,5.0,5.0,4.9,4.9,5.0,4.9,28.0,1.0
6ce5818d-2b39-4528-978b-29c6eacc6e0c,2.0,1.0,1.0,102,4.9,4.9,5.0,5.0,5.0,4.8,40.0,1.0
bd2ac40e-3a43-45e3-8327-dc0432c6f8db,2.0,1.0,1.0,106,4.9,5.0,5.0,4.9,5.0,4.8,32.0,1.0
fb3d6803-8fa9-494c-94b5-fa144d3928f9,2.0,1.0,1.0,105,5.0,5.0,5.0,4.9,5.0,4.9,21.0,1.0
c2c01111-eed0-4137-be02-b0a4f311036c,1.0,1.0,1.0,128,4.8,4.9,4.9,4.7,4.9,4.7,39.0,1.0
85363ed9-a7e0-47a8-be97-3b4f3b4c133b,6.0,5.0,2.0,211,4.9,4.8,4.8,4.9,4.9,4.7,34.0,3.0
64616cb9-7edb-4b5b-8555-cabf97d61baf,2.0,1.0,1.5,102,4.8,5.0,5.0,4.9,5.0,4.8,25.0,1.0
4b32fed8-2d3f-4550-a5cf-974f01e06427,2.0,1.0,1.0,133,5.0,5.0,5.0,5.0,5.0,5.0,53.0,1.0
9096538e-7b5d-4c52-a1e1-6f97146ed462,1.0,1.0,1.0,90,4.9,5.0,5.0,4.8,4.9,4.8,30.0,1.0
3da9ac7c-e58f-4ab5-b691-5f8650bc94f8,2.0,1.0,1.0,96,5.0,5.0,5.0,5.0,5.0,4.9,52.0,1.0
5e6e865e-f9e0-4e35-ad7a-0b6b57a7f4f0,4.0,2.0,1.0,49,5.0,4.9,5.0,4.9,5.0,4.8,42.0,1.0
6b774e44-0a84-4e66-a1ca-759f8b6f43d5,5.0,3.0,1.0,170,4.9,5.0,5.0,4.9,5.0,4.9,34.0,2.0
5477be53-7b73-42c8-b86e-a4cc9999ce75,2.0,1.0,1.0,44,5.0,4.9,5.0,4.9,5.0,4.8,20.0,1.0
29aa8bc9-b0e2-42b8-837d-1fe24f57ec84,4.0,3.0,1.5,119,4.9,5.0,5.0,5.0,5.0,4.9,27.0,2.0
f2fe3bb3-ad53-406b-b956-d1d68aff0d92,8.0,5.0,3.0,245,4.0,4.4,4.0,4.8,4.6,4.1,33.0,4.0
e7fcf941-d7cf-4e29-a1d1-b695112d603b,2.0,1.0,1.0,92,4.8,4.9,5.0,4.9,5.0,4.7,37.0,1.0
339a4d89-50df-4216-a97f-f7e527c20e7f,2.0,1.0,1.5,125,5.0,4.9,4.9,5.0,5.0,4.9,31.0,1.0
912bf00c-1a7f-401f-93e6-ec0fd81a9323,1.0,1.0,1.0,115,4.9,5.0,5.0,5.0,5.0,4.9,52.0,1.0
83425df8-e0fb-4832-955a-24222d8a000e,2.0,1.0,1.0,72,4.9,5.0,5.0,4.8,5.0,4.9,24.0,1.0
3785bb7e-3f8c-405c-9b6e-dcba76386de0,2.0,1.0,1.0,104,5.0,5.0,5.0,5.0,5.0,4.9,34.0,1.0
65bd5738-a579-45a7-86bf-afd10752fe81,2.0,2.0,1.0,133,4.9,5.0,5.0,4.9,5.0,4.8,30.0,1.0
84ceac5c-e12e-4735-9440-aa50ed81be6a,2.0,1.0,1.0,60,5.0,5.0,5.0,4.9,5.0,4.9,30.0,1.0
ee251285-a435-4a9c-b7c8-30e022a3459a,2.0,1.0,1.5,58,4.8,4.9,4.9,4.9,4.9,4.9,43.0,1.0
9fecf999-ec37-475c-9236-5354c5dbce92,2.0,1.0,1.0,106,4.8,4.9,5.0,4.9,4.9,4.7,20.0,1.0
ea725186-bff7-4b44-9fab-eb3d8d704cb4,2.0,1.0,1.0,119,5.0,4.9,4.9,5.0,5.0,4.7,23.0,1.0
4d3d5f69-f17a-4df9-a555-fd8ff7bb0fb3,4.0,2.0,1.5,159,4.9,4.9,4.9,4.9,5.0,4.6,40.0,1.0
1eeb13b8-2cd8-4bdd-88d0-1282b39989e5,2.0,1.0,1.0,80,5.0,5.0,5.0,4.9,5.0,4.9,22.0,1.0
3cc576a1-4d96-44c6-b640-e40232f90aef,2.0,1.0,1.0,73,5.0,5.0,5.0,5.0,5.0,4.9,42.0,1.0
b5fb3962-21fa-4e79-a6fe-9fd9a8d0c22e,2.0,1.0,1.0,59,5.0,5.0,5.0,5.0,5.0,5.0,28.0,1.0
403f50e5-8847-4984-8441-ca92c0f35032,2.0,1.0,1.0,83,5.0,5.0,5.0,5.0,5.0,4.9,18.0,1.0
d84f6fce-9c1c-4941-8909-e1297e6e976c,2.0,2.0,1.0,75,5.0,5.0,5.0,5.0,5.0,4.9,29.0,1.0
f14f73e9-143c-44f2-bc3e-0f30d85c9b84,2.0,1.0,1.0,100,5.0,5.0,5.0,4.9,5.0,4.9,28.0,1.0
d30eea77-7ea8-4c47-b09c-b8251f0305bf,1.0,1.0,1.0,61,5.0,5.0,5.0,4.8,5.0,4.9,40.0,1.0
59c0d4ed-2cce-4075-abd3-8052db33a91c,3.0,1.0,1.0,86,5.0,5.0,5.0,4.9,5.0,4.9,46.0,1.0
90009624-a500-4f1f-85d5-88b5360e5341,2.0,1.0,1.0,79,4.7,4.8,4.9,4.9,5.0,4.7,43.0,1.0
c3bdd5bd-7d98-4042-9f5b-aa111ec8c5b4,4.0,3.0,2.0,88,5.0,4.9,5.0,4.8,5.0,4.9,55.0,2.0
c6dff15c-da7c-4cf1-b0fd-55c5e8d7b6f4,2.0,1.0,1.0,84,4.8,5.0,4.9,5.0,5.0,4.8,38.0,1.0
abc21ce8-8fd7-4a3e-b5cb-efd2f606752f,2.0,1.0,1.0,109,5.0,5.0,5.0,4.9,5.0,4.9,40.0,1.0
3b7c6b6a-8c3c-4f40-8684-c2fe76deaf98,6.0,5.0,1.0,91,5.0,4.9,5.0,4.9,5.0,4.8,31.0,1.0
c294f9d4-d49d-4dff-baaf-15f408ae0892,2.0,1.0,1.0,45,5.0,5.0,5.0,4.9,5.0,4.9,44.0,1.0
ca0c9a88-12b8-4f96-9a30-65d9b2c1fd45,8.0,5.0,1.5,116,4.8,4.9,4.8,4.9,4.9,4.8,39.0,1.0
3ab5addd-4b61-4340-b28d-8a54150e290a,4.0,2.0,1.0,143,4.8,5.0,4.9,4.9,5.0,4.7,25.0,1.0
2eb5896f-49bb-4211-82f0-fb6fc3bbed12,2.0,1.0,1.0,105,5.0,5.0,5.0,4.9,5.0,4.8,48.0,1.0
0e8530e2-a3dc-4482-b034-527f2de5afc7,5.0,2.0,2.0,131,5.0,4.9,5.0,5.0,5.0,4.9,32.0,2.0
61b4d8fa-1c2d-4261-8918-2490232c2ba6,4.0,2.0,1.0,138,4.6,4.9,5.0,5.0,5.0,4.8,26.0,1.0
df9e7315-23fc-4e73-8166-1afb7ae8b62a,4.0,3.0,1.0,59,5.0,5.0,5.0,4.9,5.0,4.9,25.0,1.0
452b10a3-bae7-4634-819a-5773a84f2cc9,2.0,2.0,1.0,88,4.7,4.9,5.0,4.9,5.0,4.7,41.0,1.0
1824cb74-5258-456d-b770-0d6526177b04,5.0,3.0,1.0,61,4.8,4.9,5.0,4.9,5.0,4.8,36.0,1.0
a2c9eb79-f69c-4806-a118-12b3bffd4917,8.0,4.0,2.0,249,4.9,5.0,5.0,5.0,5.0,4.8,37.0,3.0
cdc47fee-a5ee-4f84-a387-9affd49b27c1,2.0,1.0,1.0,75,5.0,4.9,5.0,5.0,5.0,4.9,41.0,1.0
c900a7bc-1168-496f-8141-9c9d28001ab5,2.0,1.0,1.0,72,5.0,5.0,5.0,5.0,5.0,5.0,33.0,1.0
3eb18f6c-ec8a-4a52-bc94-b8a4ce4dff14,2.0,2.0,1.0,120,4.9,5.0,5.0,4.9,5.0,4.9,35.0,1.0
46ac02b4-5dac-42f0-8626-21cf90964a6f,4.0,2.0,1.0,104,5.0,5.0,5.0,5.0,5.0,4.9,28.0,1.0
fc1af290-fd34-417b-b0f5-8da31dbaba4a,4.0,5.0,1.0,550,4.8,5.0,5.0,5.0,5.0,4.7,34.0,2.0
b6ecd5a0-d512-4ea7-9280-a8bfabcf374d,2.0,1.0,1.0,81,5.0,5.0,5.0,4.9,5.0,4.8,38.0,1.0
9d42b3ee-44a5-4b60-bf25-915e68791249,8.0,5.0,2.0,228,4.9,5.0,5.0,4.9,5.0,4.8,24.0,3.0
27d81800-fd76-4bf3-b431-38cb16f563af,4.0,2.0,1.0,70,5.0,4.9,5.0,4.9,5.0,4.8,23.0,1.0
e3c21dfe-3d99-4064-9803-e3912a2c04e0,4.0,2.0,1.5,108,5.0,5.0,5.0,5.0,5.0,4.9,47.0,2.0
37ad51a4-03b1-4419-9c5e-f75145de14cc,4.0,1.0,1.0,66,5.0,5.0,5.0,4.8,4.9,4.9,38.0,1.0
5526eca5-9df4-48b4-a505-4659d06b0bda,2.0,3.0,1.0,144,5.0,5.0,5.0,5.0,5.0,4.9,47.0,1.0
a918324d-1a21-4716-84d4-4f251f577aed,2.0,1.0,1.0,135,5.0,5.0,5.0,5.0,5.0,4.9,51.0,1.0
16a06004-f9e3-4bff-b5ca-265ab30f528a,2.0,1.0,1.0,75,5.0,5.0,5.0,5.0,5.0,4.9,33.0,1.0
b561de54-7254-4b59-bcd7-7fb1eb13758c,2.0,1.0,1.0,81,4.9,5.0,5.0,4.9,5.0,4.8,23.0,1.0
5298baa9-291f-4b1d-af66-b846988a9d8b,6.0,3.0,1.5,187,5.0,5.0,5.0,5.0,5.0,4.8,30.0,2.0
ba180b39-a2e6-4ef3-9c8a-6d262fa5872d,4.0,1.0,1.5,107,4.6,4.7,5.0,5.0,5.0,4.6,30.0,1.0
0e7d321f-5c28-43dc-92a2-954e7cfbfc1b,4.0,2.0,1.0,108,4.7,4.8,4.9,4.9,5.0,4.8,36.0,1.0
f884eee3-956b-4b6e-a051-8f2af1547da7,5.0,3.0,1.0,120,5.0,5.0,5.0,4.9,5.0,4.9,34.0,2.0
bc10c5e0-b468-4b39-874a-e8a5151fc8dd,6.0,3.0,1.5,93,5.0,4.9,5.0,4.9,5.0,4.8,30.0,2.0
56356058-b9f8-43e3-b71e-cce0a6ed0fb8,2.0,1.0,1.5,78,4.9,5.0,5.0,5.0,5.0,4.9,47.0,1.0
2a9f056c-2b97-4bed-90e6-dd93930ae696,4.0,3.0,1.0,105,5.0,5.0,5.0,4.9,5.0,4.8,39.0,2.0
d3a83564-a0ce-4cca-a973-ada5c86ec3bc,2.0,1.0,1.0,92,4.9,5.0,4.9,5.0,5.0,4.9,19.0,1.0
84fe06b9-4852-4075-9662-6b47cceb153a,2.0,1.0,1.0,66,5.0,5.0,5.0,4.8,5.0,4.9,49.0,1.0
baeac373-305f-4332-a52f-6484dcd07183,4.0,2.0,1.0,64,4.8,4.8,4.9,4.9,4.8,4.6,39.0,1.0
35790b8c-ab34-4b96-b191-d90ab0655945,2.0,1.0,1.0,66,5.0,5.0,5.0,5.0,5.0,4.9,41.0,1.0
cb4c1caa-d859-4958-aae5-4a564a3db992,1.0,1.0,1.0,62,4.9,5.0,4.9,5.0,5.0,4.9,19.0,1.0
82bc25a0-4f3a-425d-95ab-512e18b0439e,2.0,1.0,1.0,41,4.9,4.9,5.0,5.0,5.0,4.9,42.0,1.0
718f3907-9383-4fe3-92ca-6d66859a2544,7.0,5.0,1.0,72,4.8,4.9,4.9,5.0,5.0,4.9,49.0,3.0
3f87f1ca-7c93-4ae8-889b-662b960e91d2,2.0,1.0,1.0,95,5.0,5.0,5.0,5.0,5.0,4.9,29.0,1.0
d8897bdf-2f71-4804-ad8b-f8a16858a239,6.0,3.0,1.0,89,4.9,5.0,5.0,5.0,5.0,4.9,46.0,3.0
f7ce8437-c876-4881-b6ef-fd8139b7821e,4.0,3.0,1.0,112,5.0,5.0,5.0,4.9,5.0,4.8,39.0,2.0
c5ab9cda-6b26-4a6a-861e-73e62d4f7a6e,2.0,1.0,1.0,66,4.9,4.9,4.9,4.9,4.9,4.9,23.0,1.0
ec30c0d3-8350-49ac-8c4a-2dd855cac24c,1.0,1.0,1.0,44,5.0,5.0,5.0,4.9,5.0,5.0,39.0,1.0
8f1cb2fc-bc40-48ec-bfbf-1f9da5afd7fd,4.0,3.0,1.0,130,5.0,5.0,5.0,5.0,5.0,5.0,53.0,1.0
6cb74906-0b06-4e84-89fb-ee30e149cc43,5.0,4.0,1.0,264,4.9,4.9,5.0,5.0,4.9,4.6,34.0,2.0
ab56cc5d-ba2b-43b1-9b06-76c9936114d1,10.0,7.0,2.0,196,4.9,4.9,5.0,4.9,4.9,4.8,30.0,3.0
904614fb-7c51-4bb0-b076-cb2d284af4a0,1.0,1.0,1.0,105,5.0,5.0,5.0,5.0,5.0,4.9,23.0,1.0
60a6b869-a307-46d3-9ab8-a525ad5e51b3,2.0,1.0,1.0,135,5.0,5.0,5.0,5.0,5.0,4.9,28.0,1.0
6d2698c0-2b21-4994-b443-440b0c332d73,4.0,1.0,1.0,80,4.5,4.8,4.9,4.8,4.9,4.5,20.0,1.0
926cde09-e9b3-458b-b280-109affe813af,2.0,1.0,1.0,172,4.8,4.8,4.9,4.9,4.9,4.5,23.0,1.0
52c22632-5b9c-424d-a58e-fa68c3885c76,4.0,2.0,1.0,138,5.0,5.0,5.0,5.0,5.0,4.9,35.0,1.0
6ca9211d-25ca-4c40-bd62-08b331a984f9,2.0,1.0,1.0,158,4.9,5.0,4.9,5.0,4.9,4.8,22.0,1.0
6f1f597b-67a8-4a95-b6d3-aeb6e27b6fa3,4.0,3.0,1.0,150,4.9,4.9,5.0,5.0,5.0,4.8,50.0,2.0
905f11ae-1124-4e8f-8701-14e4758bd99b,4.0,2.0,1.5,110,4.9,4.9,5.0,5.0,5.0,4.8,32.0,1.0
9e4a65a5-2507-4b22-bc0d-118440f8d4a2,2.0,1.0,1.0,90,4.9,4.9,5.0,4.9,5.0,4.8,37.0,1.0
3129e523-50e4-4976-91fd-31cd6eeb7a09,2.0,1.0,1.0,144,5.0,5.0,5.0,5.0,5.0,4.9,39.0,1.0
22c9619a-9406-48e4-8c10-3e64f586c4c8,2.0,1.0,1.0,107,5.0,5.0,5.0,5.0,5.0,4.8,27.0,1.0
1065766b-00f0-4ebb-b28a-7112f94fd44b,1.0,1.0,1.0,95,4.9,5.0,5.0,5.0,5.0,4.8,26.0,1.0
db863ef1-c22c-4778-95a2-1ca020d97098,2.0,1.0,1.0,132,5.0,5.0,5.0,5.0,5.0,4.9,32.0,1.0
fb652aa3-053e-40c9-a678-03c9ecbcc92f,2.0,1.0,1.0,125,5.0,5.0,5.0,5.0,5.0,4.9,24.0,1.0
b424e314-c82c-4dc3-9806-e1752c0cfc28,4.0,3.0,2.0,255,4.9,5.0,5.0,4.9,5.0,4.8,30.0,2.0
6eb59014-1aeb-4110-b78e-ebd02e5b9779,6.0,7.0,2.0,137,4.7,4.8,5.0,4.7,4.9,4.7,44.0,2.0
1c822dc8-ad91-4861-90e7-83591aa65348,2.0,1.0,1.0,140,5.0,4.9,5.0,4.9,5.0,4.9,38.0,1.0
6c379a68-209a-4077-9e97-18ac6ad64fc9,2.0,1.0,1.0,93,5.0,5.0,5.0,5.0,5.0,4.9,45.0,1.0
248368e6-c98a-40dd-8c06-9a2456cbfeb9,4.0,2.0,1.0,124,5.0,5.0,5.0,5.0,5.0,4.8,26.0,1.0
af44a73b-0ab3-4690-a3d8-f0b1f663e51f,2.0,1.0,1.0,78,4.8,4.9,5.0,5.0,4.9,4.8,17.0,1.0
14540663-47d5-4d1d-b29a-7703dd0cee63,2.0,1.0,1.0,132,5.0,5.0,5.0,5.0,5.0,4.9,35.0,1.0
92b5eaa1-72c0-4b55-b2a9-7fa535172fdc,4.0,2.0,1.0,120,5.0,5.0,5.0,4.9,5.0,4.7,40.0,1.0
fff65af2-8386-4551-bbe8-4bdead026533,3.0,2.0,1.0,69,4.8,4.9,5.0,4.9,5.0,4.8,41.0,2.0
6cf30eab-2124-403d-9f69-50ae5264cf27,2.0,1.0,1.0,108,5.0,5.0,5.0,4.9,5.0,5.0,36.0,1.0
b6a01899-a01d-4c90-93a1-a6c34d6c845f,4.0,2.0,1.0,95,5.0,5.0,4.9,4.9,4.9,4.8,33.0,1.0
002b52ef-c615-4d3e-b64e-1287b655b560,2.0,1.0,1.0,150,5.0,5.0,5.0,5.0,5.0,5.0,48.0,1.0
0bb0dea7-6487-420c-ab4b-20f0b3a89882,4.0,3.0,1.5,168,4.9,5.0,5.0,5.0,5.0,4.8,53.0,2.0
10eddb1a-64f3-4aaa-af54-7f7d0d698b25,4.0,2.0,1.0,71,5.0,5.0,5.0,4.9,5.0,4.9,46.0,1.0
e18f8b4c-5ea1-4163-97ec-bfee390aa7ab,2.0,1.0,1.0,143,5.0,5.0,4.9,5.0,5.0,4.8,47.0,1.0
01684956-609e-4ec6-8537-5d752bdc992e,2.0,1.0,1.5,135,4.9,5.0,4.9,4.9,4.9,4.8,21.0,1.0
f7857015-7d32-463d-98ac-0d5d813fec1a,2.0,1.0,1.0,143,4.7,4.8,4.8,4.8,4.8,4.8,19.0,1.0
db9c8f00-7616-4386-9d13-90a442f0fa02,2.0,1.0,1.0,102,5.0,5.0,4.9,5.0,4.9,4.9,17.0,1.0
fcd8fc3e-da9b-4c39-acee-d6f3c769133f,4.0,3.0,1.0,50,4.9,4.9,4.8,4.9,4.9,4.9,30.0,1.0
112e6795-8fc1-4c01-bbbe-b55fc7caee22,2.0,1.0,1.0,120,5.0,5.0,5.0,5.0,5.0,4.9,36.0,1.0
62ea0776-70d2-4fdc-9468-d5e86f29d729,4.0,3.0,1.0,177,5.0,5.0,5.0,5.0,5.0,4.7,26.0,2.0
fcd927b4-f93c-4e9f-be3f-c68d3440878b,4.0,2.0,1.0,150,4.9,4.8,5.0,4.7,5.0,4.8,23.0,1.0
78c94b60-0bb6-4c52-befb-3293c40c0a41,2.0,1.0,1.0,125,5.0,5.0,5.0,5.0,5.0,5.0,44.0,1.0
0ba4b75f-b5de-44b7-badd-762490715ada,7.0,6.0,2.0,312,5.0,4.9,5.0,5.0,5.0,4.7,66.0,4.0
89183876-0675-4981-839f-4a6f9728512a,1.0,1.0,1.0,97,4.9,4.8,5.0,4.8,5.0,4.4,14.0,1.0
f422e5b3-f672-4a68-ae59-ff946372f21a,4.0,3.0,1.0,75,4.9,5.0,5.0,4.9,5.0,4.9,25.0,2.0
c47abe18-732c-4738-beb0-8f0f420a0bd7,6.0,5.0,2.0,209,4.7,4.9,4.9,4.9,5.0,4.8,39.0,3.0
44925c88-a7e1-4baa-a5f5-88e30003cfb0,2.0,1.0,1.0,91,5.0,5.0,5.0,5.0,5.0,4.9,53.0,1.0
424b495b-5e54-48a9-88fc-2f57823677a4,2.0,1.0,1.0,58,4.9,4.8,4.9,4.9,4.9,4.7,26.0,1.0
8418fba9-341f-4435-bf74-f1fea39d19f1,4.0,4.0,2.0,119,4.6,4.9,4.6,4.8,4.8,4.5,33.0,2.0
fedb9418-d84a-4b88-8457-79b14921bd0a,4.0,3.0,1.5,78,4.9,5.0,5.0,4.9,5.0,4.9,31.0,2.0
95173c3c-6ff1-421f-94ad-143261aec1bd,2.0,1.0,1.0,117,5.0,5.0,5.0,5.0,5.0,5.0,41.0,1.0
894f37a0-6ef6-4afe-accf-b8a363098624,3.0,2.0,1.0,88,4.9,4.8,4.9,4.9,4.9,4.7,60.0,1.0
664457f9-2d5a-4c1b-b3ca-d8430e369729,2.0,1.0,1.0,163,5.0,5.0,5.0,5.0,5.0,4.9,15.0,1.0
5f9aceae-162e-43bb-8d3d-15c590dc1b03,2.0,1.0,1.0,84,5.0,5.0,5.0,5.0,5.0,4.9,45.0,1.0
ee66b7d4-b9e5-461f-a68a-47a396bfd254,2.0,1.0,1.0,113,4.8,4.9,4.9,4.9,4.9,4.7,30.0,1.0
f9881231-1b4c-45cc-98a5-8bd85d7455d2,6.0,3.0,2.0,158,4.6,4.7,4.7,4.7,4.9,4.6,15.0,3.0
8c1a0eb2-1182-47fd-83d2-e5bb59f7bb00,2.0,2.0,1.5,87,5.0,5.0,5.0,4.9,5.0,4.8,47.0,1.0
dce305f8-b14b-47dd-84f8-f6e734d0332a,2.0,1.0,1.0,222,4.8,4.9,4.9,5.0,4.9,4.6,17.0,1.0
7d888cde-9f1e-44bd-b5b6-372b7666eda9,2.0,1.0,1.0,194,5.0,5.0,5.0,5.0,5.0,4.8,47.0,1.0
0e22d4f2-a1af-4f7c-b202-2732b309e87c,8.0,6.0,1.5,130,4.9,4.9,4.9,4.9,5.0,4.8,20.0,3.0
50a9c066-62ae-4c72-9d6a-bd2bb590c69c,2.0,1.0,1.5,125,4.9,4.9,4.9,4.9,5.0,4.7,15.0,1.0
7f0612e2-5afa-45af-82b3-9b59ba0b12d3,2.0,1.0,1.0,129,4.8,5.0,5.0,4.9,5.0,4.8,32.0,1.0
ce0c856d-9cf9-42b7-9bf9-9ebcec18cc3a,2.0,1.0,1.0,86,4.9,4.9,5.0,4.9,5.0,4.8,33.0,1.0
1805ea90-222a-430d-885c-d22b9a5213b1,2.0,1.0,1.0,113,4.9,5.0,4.9,5.0,5.0,4.8,23.0,1.0
8f4e3992-7ed4-4b08-a088-0c7fee008dd2,2.0,1.0,1.0,124,4.8,4.9,5.0,4.9,5.0,4.8,34.0,1.0
0740a223-c4c6-4e9f-8c90-4847fff589d2,2.0,1.0,1.0,250,5.0,5.0,5.0,5.0,5.0,4.8,49.0,1.0
e047cdf7-0b64-45fe-8d34-1965b9979b32,4.0,3.0,1.0,120,4.7,4.9,5.0,4.9,5.0,4.8,48.0,2.0
4a9d5349-a765-45f2-8d61-8ccc7f4703d1,2.0,1.0,1.5,145,5.0,5.0,5.0,4.9,5.0,4.9,25.0,1.0
f9604a22-cc40-4138-9a7e-923704c3a534,2.0,1.0,1.0,90,5.0,5.0,5.0,5.0,5.0,4.9,25.0,1.0
7846b9eb-395a-4af6-be77-63b01a00b945,4.0,3.0,1.0,136,4.9,5.0,5.0,5.0,5.0,4.9,30.0,2.0
070a6471-30f1-4cb6-86bd-8a6048927bf9,7.0,3.0,3.0,35,4.1,4.8,4.9,4.9,4.9,4.8,13.0,4.0
58463678-4cf3-44dc-b6ef-7eec4aa51972,2.0,1.0,1.0,119,4.9,4.8,4.9,4.9,4.9,4.6,18.0,1.0
cb65b013-46ba-4680-8f3a-6b556328cb07,2.0,1.0,1.0,100,4.8,4.8,4.9,4.9,4.9,4.5,18.0,1.0
98e8f17d-1265-4026-ade5-92eda1664e69,2.0,1.0,1.0,107,5.0,5.0,5.0,5.0,5.0,5.0,25.0,1.0
8a511350-b616-437a-afea-6d3203e041ea,3.0,2.0,1.0,164,4.9,5.0,4.8,4.8,5.0,4.8,44.0,1.0
c282064b-cb0d-4e25-80a9-11c3d23da3e5,2.0,1.0,1.5,135,5.0,5.0,5.0,5.0,5.0,4.8,21.0,1.0
60b1b5be-f9d7-42b0-89ca-c2cc1d0134e9,2.0,1.0,1.0,102,4.9,4.9,5.0,4.9,5.0,4.9,47.0,1.0
c762db53-88bb-4734-9014-a45762c4f5f1,2.0,1.0,1.0,66,4.9,5.0,5.0,4.9,4.9,4.8,48.0,1.0
f83afe05-baa1-4963-bf56-021b2dd7d711,4.0,2.0,1.0,58,4.6,4.7,4.8,4.9,4.8,4.5,33.0,1.0
d72c6933-6cfa-4c6b-8ba6-af60b3ed1de5,4.0,2.0,1.0,176,4.9,4.9,4.9,5.0,5.0,4.6,44.0,1.0
84c46ae0-fb8e-41a0-a452-f779501abc04,5.0,2.0,1.0,129,4.9,5.0,5.0,5.0,5.0,4.9,40.0,2.0
a5870edf-150b-415f-9d14-a029268f2570,2.0,1.0,1.0,132,5.0,5.0,5.0,5.0,5.0,4.9,35.0,1.0
7c6bf993-509d-49e6-ae2b-7f535d1fe964,5.0,3.0,1.0,139,5.0,5.0,5.0,4.9,5.0,4.9,61.0,2.0
58233aeb-6f72-458d-a425-f26df08c8d79,2.0,1.0,1.0,119,4.9,4.9,4.9,4.9,5.0,4.8,39.0,1.0
597bfc73-1df2-4d24-9efe-acacf5d6ddf1,2.0,1.0,1.5,94,4.9,5.0,5.0,5.0,5.0,4.8,33.0,1.0
64246562-09b5-4c76-a4c9-1c641c0c53dd,2.0,1.0,1.0,94,5.0,4.9,5.0,5.0,5.0,4.9,33.0,1.0
b7631936-fc43-45d0-b317-26715bf1e02b,4.0,2.0,1.0,99,5.0,5.0,5.0,5.0,5.0,4.9,18.0,1.0
e96c226c-93a2-4842-8da3-bf7a98edfbaa,2.0,2.0,1.5,128,5.0,5.0,5.0,5.0,5.0,4.9,46.0,1.0
f392b250-253f-4973-bac5-76fdd71b0358,4.0,3.0,1.5,250,5.0,4.9,4.9,4.9,5.0,4.7,40.0,1.0
1c6cd6c7-de43-4a1e-b98f-5626eb7fbec1,4.0,3.0,1.0,150,4.7,4.9,5.0,5.0,5.0,4.8,45.0,2.0
e59f6941-6947-48b6-ad37-bf8d85d3122a,6.0,3.0,1.0,152,4.8,4.8,4.9,4.9,4.9,4.7,57.0,2.0
5dd5bc00-8df0-435a-865e-925d657172a7,6.0,5.0,1.5,175,4.8,4.9,4.9,4.9,5.0,4.7,50.0,1.0
bb2abb5a-677f-4299-91c5-f761a6069d6f,4.0,3.0,2.0,225,4.9,4.9,5.0,5.0,5.0,4.8,38.0,2.0
dc5a7cde-cc7c-4ccb-9199-a18713f38738,6.0,4.0,2.0,230,4.7,4.9,5.0,4.9,5.0,4.7,46.0,3.0
5d322634-6a18-48d0-834c-f9954fd633a6,2.0,2.0,1.0,104,4.9,5.0,5.0,5.0,5.0,4.9,39.0,1.0
dc344c56-a9d7-4fe3-8e21-609684e29a73,4.0,3.0,1.0,170,4.9,4.9,5.0,4.9,5.0,4.9,56.0,2.0
42a2591d-45cd-4b73-b03a-17229704ad21,12.0,6.0,2.5,286,4.6,4.9,4.9,4.9,4.9,4.8,38.0,3.0
e936d01c-76c9-46e3-b4c7-e779020b0ed7,4.0,3.0,2.0,215,5.0,5.0,5.0,4.9,5.0,4.9,77.0,2.0
d1008a6f-98d5-4a06-ad44-f1da71725919,2.0,1.0,1.0,129,5.0,5.0,5.0,5.0,4.9,4.9,58.0,1.0
828acabb-dd43-4fd8-a844-86c7e0a5f1a2,4.0,1.0,1.0,116,5.0,4.9,5.0,4.9,5.0,4.9,59.0,1.0
47c4bcc4-1300-4c7c-90c8-86dd529d78ff,2.0,1.0,1.0,173,4.8,4.8,4.9,4.8,4.9,4.7,64.0,1.0
1922ade8-b33d-4eb8-ac66-72b482dfbc8a,8.0,4.0,3.5,179,4.7,4.7,4.9,4.7,4.9,4.6,40.0,3.0
74faf38b-c78e-4248-ae45-1d7f6e210a00,2.0,1.0,1.0,148,5.0,5.0,5.0,5.0,5.0,4.9,21.0,1.0
6101767c-ff6c-4ad7-8421-5dd8b72c524e,2.0,1.0,1.0,128,5.0,5.0,5.0,4.9,5.0,4.9,54.0,1.0
d7bed81a-bbe6-44c4-8469-e31bdd2faa33,6.0,3.0,3.0,205,4.5,4.6,4.6,4.9,4.7,4.6,44.0,3.0
ed73b8b3-d892-4acd-a092-852c81f63567,6.0,3.0,1.0,162,4.2,4.5,4.6,4.8,4.7,4.0,41.0,2.0
8cd873de-45cb-47d8-b3dd-36952549169c,5.0,5.0,1.0,425,4.9,5.0,5.0,5.0,5.0,4.9,49.0,2.0
b29448ff-2631-4c24-97e7-648afa742e2a,12.0,7.0,1.5,425,4.8,4.9,4.9,4.9,4.9,4.7,57.0,3.0
4b55564b-4993-437a-af35-a34c36fbb58b,4.0,3.0,1.0,93,4.6,4.9,5.0,5.0,5.0,4.8,39.0,2.0
7ab056b0-a69e-49e1-afa2-0492c72fed81,10.0,5.0,3.0,670,4.8,4.7,4.6,4.7,4.9,4.3,42.0,4.0
ea4980fe-3f2c-408c-b22d-8372ec7a08e0,4.0,2.0,1.5,124,5.0,5.0,5.0,5.0,5.0,4.8,51.0,1.0
a5cb203c-5766-4f98-a525-35992ef82aa8,2.0,1.0,1.0,166,4.9,5.0,5.0,4.9,5.0,4.8,54.0,1.0
b04d543c-b83f-4351-b79c-0fe85ad2d35d,2.0,1.0,1.0,141,5.0,5.0,5.0,4.9,5.0,4.8,54.0,1.0
c715219d-1aa2-4d39-bb36-793b86888795,4.0,2.0,2.0,210,5.0,4.9,5.0,4.9,5.0,4.9,50.0,2.0
02a14beb-f867-4ae2-8448-3e266fd62b56,4.0,3.0,2.5,148,4.9,5.0,4.9,4.9,5.0,4.6,47.0,2.0
6bb0747a-f4d1-4bf2-8af6-bd217aa8522b,4.0,1.0,1.0,65,5.0,5.0,5.0,5.0,5.0,5.0,35.0,1.0
3c60ef10-f835-4114-9982-1ca2243a2f5e,2.0,1.0,1.0,141,4.9,5.0,5.0,4.9,4.9,4.8,25.0,1.0
82333070-e7b8-463c-84fb-12d9333b7030,8.0,5.0,3.5,249,5.0,5.0,5.0,4.9,5.0,4.9,69.0,4.0
92ae5d1d-f9a8-4788-9fc9-d47818f6bd04,2.0,1.0,1.0,137,4.9,4.9,5.0,4.9,5.0,4.7,41.0,1.0
c12e47f9-91a1-438d-8fe6-05ce151e792a,6.0,4.0,1.0,311,4.9,5.0,5.0,4.9,5.0,4.7,48.0,2.0
71b4f51e-ee94-4d21-bc41-732c11c8feec,14.0,8.0,4.0,675,4.8,5.0,5.0,4.8,4.9,4.7,44.0,6.0
9bb3624b-5916-40e7-9096-7ebed8f3a058,2.0,1.0,1.0,86,5.0,5.0,4.9,5.0,5.0,4.8,50.0,1.0
d2e4eebf-f61f-4e4f-8b9a-07ae9c663c52,5.0,4.0,1.5,120,4.8,4.6,4.8,4.7,4.9,4.3,40.0,2.0
2b2fdd32-6172-4758-9050-cc3f4455b104,10.0,5.0,3.5,369,4.1,4.3,4.7,4.9,4.7,4.2,35.0,4.0
1ebc7950-9e41-4ab7-a027-339e4c3e09cf,2.0,1.0,1.0,80,4.6,4.8,5.0,4.9,4.9,4.8,24.0,1.0
681bb00e-6684-4938-9886-5dc79176d8cc,5.0,3.0,1.5,114,5.0,4.9,5.0,4.9,5.0,4.9,35.0,3.0
bc8163fb-7ade-4d4d-995f-59307866ac34,2.0,1.0,1.0,69,4.8,4.9,4.9,4.9,4.9,4.8,30.0,1.0
080eddcc-f7dc-4a5a-a86e-7562038abb04,4.0,3.0,2.0,100,5.0,5.0,5.0,5.0,5.0,4.9,58.0,2.0
0ddadc79-e694-43ea-94f8-24ca9a153f34,6.0,5.0,2.5,200,5.0,4.9,5.0,4.9,5.0,4.8,68.0,2.0
bc9de31c-0e5d-4e52-b868-bea3aaf91be6,2.0,1.0,1.0,62,4.9,5.0,5.0,4.9,5.0,4.9,59.0,1.0
864807de-cae2-4be5-b91e-7c79dd998c85,2.0,2.0,1.5,84,5.0,4.9,5.0,4.9,5.0,4.9,58.0,1.0
10e871e5-a0ba-478f-9679-578e4c974f81,8.0,5.0,4.5,500,5.0,5.0,4.8,5.0,4.9,4.9,42.0,5.0
17960fd4-796a-44fe-9dcc-a6300afd1adf,6.0,6.0,3.5,568,5.0,5.0,5.0,5.0,5.0,4.8,36.0,3.0
b1506c5f-1d20-4a9c-87e0-3360f4acdf84,9.0,6.0,4.0,454,4.7,4.9,4.9,4.9,4.9,4.7,34.0,6.0
6082cda9-1dec-4485-8a57-1409b05ac64a,2.0,1.0,1.0,119,5.0,5.0,4.9,5.0,5.0,5.0,27.0,1.0
7e4c2a84-ba77-4640-a6a8-24c800a4b14d,2.0,1.0,1.0,99,5.0,4.9,5.0,5.0,4.9,4.8,35.0,1.0
40d76937-3404-4c94-a5c8-08b00a8cd341,4.0,1.0,1.0,186,4.9,5.0,5.0,4.9,5.0,4.9,41.0,1.0
bc3d26ec-1b6e-4442-8248-b1d2be35eb60,2.0,1.0,1.0,49,4.9,4.9,4.9,4.9,5.0,4.9,29.0,1.0
804471a5-ec8f-43d7-a027-b3893a84056b,2.0,1.0,1.0,62,4.9,4.9,4.9,4.9,5.0,4.9,16.0,1.0
47dbf8b8-3a53-47e3-a0d0-4ba9e8d83bf9,5.0,4.0,2.5,101,4.6,4.9,5.0,5.0,5.0,4.9,47.0,2.0
dcdd6136-ae0a-4856-8a5f-1e1067361efe,4.0,2.0,1.0,44,4.7,4.9,5.0,4.9,4.9,4.7,42.0,1.0
75412c3d-165a-4325-9bf3-1cd708f149a7,3.0,4.0,1.0,87,4.9,5.0,5.0,5.0,5.0,4.9,61.0,1.0
c1614d6c-d69a-4196-9d92-c6b38a9c0f3d,2.0,1.0,1.0,113,5.0,5.0,5.0,5.0,5.0,4.9,35.0,1.0
c0496c75-e53c-48ab-bb5a-eb44bbe82106,2.0,1.0,1.0,113,4.9,4.9,5.0,4.9,5.0,4.8,52.0,1.0
5e0f6330-84e2-466d-8e20-11f827d4b1d3,3.0,2.0,1.0,90,4.9,5.0,5.0,5.0,5.0,4.8,65.0,2.0
3e88aafc-7aa8-4150-a64a-6503fecec145,4.0,2.0,1.0,296,4.7,4.9,5.0,4.9,5.0,4.8,42.0,1.0
464ac803-3ce1-483d-a01a-86ef3374e46e,2.0,1.0,1.0,127,4.7,4.7,4.9,4.9,5.0,4.6,41.0,1.0
d45d0402-209c-43b9-88db-5cfe7189b843,4.0,3.0,1.0,113,5.0,5.0,5.0,4.9,5.0,5.0,32.0,2.0
8c6033e2-23c3-4b75-94d0-01beb035f33a,6.0,4.0,1.0,241,5.0,4.9,4.9,5.0,4.9,4.7,21.0,3.0
feae421c-96e7-4313-b7b8-f89d1dbc4e31,8.0,8.0,4.5,372,4.5,4.8,4.9,4.8,4.8,4.8,39.0,4.0
b95e1112-1df4-4ddf-89fe-41c902c02df5,6.0,2.0,2.0,210,4.9,5.0,5.0,5.0,5.0,4.7,59.0,2.0
bb318eb9-8f16-4922-9036-86279f54dc6a,4.0,2.0,1.0,69,4.8,4.8,4.8,4.9,4.9,4.8,28.0,1.0
d2830392-a13f-448f-b982-965f7477aa4e,5.0,5.0,1.0,72,4.9,4.8,5.0,4.9,5.0,4.6,62.0,3.0
5ab68e09-7eed-46ac-98ff-0c08742ae934,2.0,1.0,1.0,108,5.0,5.0,5.0,4.9,5.0,4.9,41.0,1.0
d8283014-faec-48a6-8949-aed4bd15a933,2.0,1.0,1.0,64,4.8,5.0,5.0,5.0,5.0,5.0,24.0,1.0
1e2fb43d-41cb-47bb-99c0-c05fa0eea952,4.0,3.0,1.0,72,4.9,5.0,5.0,4.9,5.0,4.9,47.0,1.0
fa8597e0-2ab3-4570-864e-a419a481f9a7,4.0,4.0,1.0,160,5.0,5.0,5.0,5.0,5.0,4.9,38.0,2.0
32e78a5b-59b6-4d03-add7-8b5bd27adc73,6.0,4.0,2.5,191,4.4,4.8,4.9,4.8,4.7,4.6,38.0,3.0
c369a0be-3afa-409a-a578-3ee80432dde7,4.0,3.0,1.0,69,5.0,5.0,5.0,5.0,5.0,4.8,48.0,2.0
d10e695f-0eda-4113-b384-2b9a8379eae0,6.0,1.0,2.0,236,5.0,4.5,4.7,4.3,4.7,4.2,43.0,3.0
f33cf99a-8067-40f8-8b80-76ed9f698b9b,2.0,1.0,1.0,126,4.8,5.0,4.9,5.0,4.9,4.9,24.0,1.0
0a4339c8-eee2-40f1-b7d6-bb99248beb77,4.0,3.0,1.0,143,4.9,5.0,5.0,5.0,5.0,4.9,54.0,2.0
c7f64b7d-2fc2-49db-82d2-14f6df0d9cea,2.0,2.0,1.5,122,4.7,4.8,4.9,5.0,4.8,4.7,27.0,1.0
91e2d20a-589a-458b-a845-2d992a46327d,2.0,1.0,1.0,83,4.9,4.9,5.0,4.9,5.0,4.8,41.0,1.0
d79dfb6e-6b78-41fb-8eab-91acfc38418c,4.0,3.0,1.0,102,5.0,5.0,5.0,4.9,5.0,4.8,57.0,2.0
b9ace4e9-5db5-40eb-b056-5b8e48065c8c,4.0,3.0,1.0,86,4.9,4.9,5.0,4.9,5.0,4.9,58.0,2.0
26e39a4f-4861-49a6-8982-69774d519923,2.0,1.0,1.0,120,4.8,4.9,4.6,4.8,4.7,4.6,18.0,1.0
b3ae44fe-9a4b-4f5c-9488-c01047c20e89,2.0,1.0,1.5,189,4.9,4.9,4.8,4.9,4.8,4.7,36.0,1.0
e7d439f8-bb19-4248-a683-179838ce8179,4.0,3.0,1.0,109,4.8,5.0,5.0,5.0,5.0,5.0,37.0,2.0
ceb0f60a-8e1a-45db-a10c-07d973a660d4,3.0,2.0,1.5,86,5.0,5.0,5.0,5.0,5.0,4.9,31.0,2.0
b5c8f5d8-02ec-492b-b253-9a4dbea1a044,4.0,4.0,2.0,132,5.0,5.0,5.0,5.0,5.0,4.9,30.0,2.0
772183c7-d991-4fe5-95c8-281c5a3b89c8,8.0,7.0,3.0,176,5.0,4.9,5.0,4.9,5.0,4.8,62.0,4.0
1f3324a7-f5d6-49a5-8bca-5eec513be2a0,4.0,3.0,1.0,125,5.0,5.0,5.0,5.0,5.0,5.0,32.0,2.0
2e4a0ec5-9351-4454-a6fb-6a40ed35875b,6.0,3.0,2.5,250,4.9,5.0,5.0,5.0,5.0,4.9,67.0,2.0
e9b383d4-b33d-4fed-ae58-953855308790,5.0,4.0,1.5,93,4.6,4.8,4.9,4.9,4.9,4.7,34.0,2.0
fcdaf5b3-a2aa-4fff-b9e5-25d500aee328,2.0,1.0,1.0,85,5.0,5.0,5.0,5.0,5.0,5.0,21.0,1.0
298b3385-15fb-4ad8-8d3e-9a7e85e66b8e,8.0,5.0,2.0,151,4.9,4.9,4.9,4.9,4.9,4.6,32.0,4.0
4b2f8283-8e04-43eb-8fd2-23ca35d267f2,4.0,2.0,1.0,54,4.9,4.9,4.9,4.9,5.0,4.8,25.0,1.0
f010ea97-7ddc-4c6e-9604-bd16c796c647,3.0,2.0,1.0,54,4.7,4.9,5.0,4.9,4.9,4.9,40.0,1.0
15ab6d5e-e821-4f6a-8d7c-153b3f7d3962,2.0,1.0,1.5,89,4.8,5.0,5.0,5.0,5.0,4.9,23.0,1.0
4089c46a-e676-4f4c-9c52-94c8cbaf53d9,4.0,2.0,1.0,52,4.7,4.9,4.9,4.8,4.9,4.7,26.0,1.0
043dc190-4f30-443a-ab0b-7aec08f943b4,4.0,4.0,1.0,53,4.9,5.0,5.0,4.9,5.0,5.0,36.0,2.0
b987e92b-4f28-4e3a-94e8-1d984135edb2,2.0,1.0,1.0,81,4.6,4.9,4.9,4.9,4.9,4.8,54.0,1.0
cb62c27b-cdd7-4609-a292-6bd78994d1dc,6.0,5.0,1.5,97,4.9,5.0,5.0,4.9,5.0,4.9,43.0,3.0
326b6f19-a406-4d87-9c8e-737bc4b75a02,2.0,1.0,1.0,107,5.0,5.0,5.0,5.0,5.0,4.9,32.0,1.0
fc19f979-ce83-4882-a357-252404255513,4.0,2.0,1.0,65,4.6,4.9,5.0,4.5,4.9,4.8,59.0,1.0
f23ad1e2-3867-4557-9338-2e610d08ef31,2.0,1.0,1.5,216,4.9,5.0,5.0,4.9,4.9,4.8,29.0,1.0
a8cf5003-59c1-490d-b9ac-2c0b255aff9e,2.0,1.0,1.0,65,5.0,5.0,5.0,4.8,5.0,4.9,41.0,1.0
5f565c30-2236-4791-8578-f6075c50041e,4.0,3.0,2.0,217,4.8,4.9,4.9,5.0,5.0,4.5,41.0,2.0
d844a425-6a6c-44c7-821a-242832b6f8ae,1.0,1.0,1.0,105,5.0,5.0,5.0,4.9,5.0,4.9,45.0,1.0
e67b7a93-649d-42ae-9b7a-6a5f648cac1d,5.0,4.0,1.0,107,4.8,4.9,5.0,4.8,5.0,4.7,27.0,2.0
ae603e33-e365-4eb3-88f9-2df3663d5db4,2.0,1.0,1.0,120,5.0,5.0,5.0,4.9,5.0,5.0,16.0,1.0
e72d6d76-2291-4fe6-95a9-82c3283d2db2,5.0,3.0,1.5,114,4.6,4.9,5.0,5.0,5.0,4.9,35.0,2.0
a9d6fe5d-5211-4420-961b-86544b0c695e,2.0,1.0,1.0,112,5.0,5.0,4.9,4.9,5.0,4.9,24.0,1.0
683ceecc-4375-4293-8c6a-94ac8af45af7,2.0,1.0,1.0,225,4.6,4.6,4.6,5.0,4.6,4.6,38.0,1.0
2c8b6a33-593b-48c7-a0ab-7e49a522deff,4.0,2.0,2.0,103,5.0,5.0,5.0,5.0,5.0,5.0,48.0,1.0
1171795b-7300-4640-9381-22c5d2c9c6bc,8.0,6.0,5.5,790,5.0,5.0,5.0,5.0,5.0,4.8,20.0,5.0
ad3de9bd-f28c-4036-b59d-5f410daa8a94,4.0,2.0,2.0,133,5.0,5.0,5.0,5.0,5.0,5.0,33.0,2.0
6ea27ba4-3642-489f-b28c-96815f62bb7b,4.0,2.0,1.5,115,4.9,5.0,5.0,4.9,5.0,5.0,52.0,1.0
244d52d5-9016-4309-a2a6-cb02b560f51b,4.0,3.0,1.0,73,4.5,4.8,4.8,4.5,4.8,4.5,18.0,1.0
f215d504-9744-4289-90be-0e68de9805bf,8.0,4.0,2.0,297,5.0,5.0,5.0,5.0,5.0,4.9,60.0,2.0
5ae5f7e2-18f1-4d88-bd97-596eee424d0c,3.0,2.0,1.0,135,5.0,4.9,5.0,4.9,5.0,4.8,43.0,1.0
1f00048b-0359-479c-ae8e-26699ecbc1b5,4.0,2.0,1.0,95,5.0,4.9,4.9,4.7,4.9,4.9,42.0,1.0
8c14f6f3-c0dc-417f-8523-4dcee0930e17,4.0,3.0,2.0,120,5.0,5.0,5.0,5.0,5.0,5.0,55.0,2.0
9ecc1a45-2424-48c5-ab59-9fde74490843,8.0,6.0,3.5,566,4.9,5.0,5.0,4.9,5.0,4.6,53.0,5.0
0e40ca8c-6cc8-498c-b31d-dc8dcf462d7f,6.0,4.0,2.0,181,4.9,4.8,4.9,4.8,4.9,4.4,46.0,2.0
a1b83e34-1a30-4667-a88b-ae3b26c3e16f,12.0,8.0,3.0,238,4.7,4.6,4.9,4.7,4.9,4.8,51.0,6.0
2ad7e556-0570-470c-8b35-78f33a596593,7.0,5.0,3.5,174,4.8,4.9,5.0,4.9,4.9,4.7,70.0,3.0
3a56f15e-eb40-4f42-b0c2-08a0bbd95942,4.0,3.0,1.0,120,4.7,4.7,5.0,4.9,4.9,4.6,34.0,2.0
9fb867fb-5a89-4614-99c1-f0189f47c592,4.0,2.0,2.0,189,5.0,5.0,5.0,5.0,5.0,4.9,49.0,2.0
e71e86fd-4ab9-4c59-9165-aa05ca11b0c2,10.0,7.0,2.5,297,4.8,4.9,5.0,4.9,5.0,4.8,69.0,5.0
30cceaad-d481-4530-ba8e-dd54e55c215d,4.0,2.0,2.0,186,5.0,4.9,5.0,4.8,5.0,4.7,59.0,2.0
b381f7ba-a15e-49b5-9930-56be47ae84b2,6.0,4.0,1.0,81,4.8,4.8,4.9,4.9,5.0,4.9,29.0,2.0
13319b8a-4d04-4584-9262-8bbf8f4f6b28,2.0,1.0,1.0,79,5.0,4.9,5.0,4.8,5.0,4.8,41.0,1.0
0f60e7cc-0be7-4484-9bcb-27311fc077f4,2.0,1.0,1.0,111,5.0,5.0,5.0,5.0,5.0,4.9,53.0,1.0
703ce606-705e-408f-9e95-5de865ee6cb2,4.0,3.0,1.0,163,5.0,4.9,5.0,4.7,5.0,4.9,32.0,2.0
747df098-208b-4299-b1c3-b71c57005195,2.0,1.0,1.0,94,5.0,5.0,5.0,5.0,5.0,4.9,48.0,1.0
1f0781ea-509e-459f-b3d1-04e4d53ed156,12.0,10.0,4.0,364,5.0,5.0,5.0,5.0,5.0,5.0,72.0,5.0
4bb53ab9-9388-43f2-9b2c-b959b37f08b6,6.0,5.0,2.0,184,5.0,5.0,5.0,5.0,5.0,4.9,70.0,3.0
4c917b3c-d693-4ee4-a321-f5babc728dc9,1.0,6.0,4.0,3,200.0,4.8,4.9,5.0,4.8,4.9,4.7,1.0
943e9242-7cfe-4db2-bb56-d7147fef352e,6.0,5.0,1.5,163,5.0,4.9,4.9,4.9,4.9,4.9,37.0,3.0
09449cff-2410-4ae4-97b8-835565070565,4.0,4.0,1.0,120,5.0,4.9,4.9,4.8,5.0,4.9,21.0,2.0
a168c650-3539-4fee-97c7-48fed89d4a39,4.0,3.0,2.0,143,5.0,5.0,5.0,4.9,5.0,4.8,51.0,2.0
4321a0e2-6c78-4302-8a3a-2debc1f6845e,4.0,3.0,1.0,120,5.0,4.9,5.0,4.9,5.0,4.8,27.0,2.0
b63cc330-94e2-469d-bd78-a2c0dbd78847,2.0,1.0,1.0,148,4.9,4.9,4.9,4.9,5.0,4.4,41.0,1.0
ee22ed15-0cb6-41c0-9593-1f4c2a5d2ea6,2.0,1.0,1.0,130,5.0,5.0,5.0,5.0,5.0,5.0,48.0,1.0
7d5b4389-91e3-49e2-80a0-6b55be3e1ad7,4.0,3.0,1.0,150,4.7,4.9,4.9,5.0,4.9,4.8,15.0,2.0
610304ed-f689-45dc-af8a-d56c7fc0b5f9,4.0,3.0,1.0,90,4.7,4.9,4.9,4.8,5.0,4.7,25.0,2.0
287434b8-a59a-4ad0-a2fc-8607a7217f80,2.0,1.0,1.5,64,4.9,5.0,5.0,4.9,5.0,4.9,23.0,1.0
bbc08545-03a0-4014-9e31-e7c058dc18fd,6.0,5.0,2.0,164,4.8,5.0,4.2,4.8,4.5,4.8,24.0,3.0
1ff200fc-92c0-4b17-8179-1a9031dbe9f3,4.0,3.0,1.0,144,4.6,4.7,4.8,4.8,4.9,4.6,26.0,2.0
84b2961d-e78a-436b-a1eb-e56e563a76d1,6.0,5.0,2.0,92,4.9,5.0,5.0,5.0,5.0,4.9,37.0,3.0
0a26e526-1adf-4a2a-888d-a05f7f0a2f33,6.0,3.0,2.0,166,4.9,5.0,5.0,5.0,5.0,4.8,40.0,3.0
fedd4705-7829-42d7-8f72-9c1d237fc031,6.0,3.0,1.5,253,5.0,5.0,5.0,5.0,5.0,4.6,45.0,3.0
eb05e159-7380-46c3-9370-2b75307008e4,6.0,5.0,2.0,146,4.8,4.8,4.9,4.9,4.9,4.5,54.0,3.0
0e6435c7-c266-42e3-8237-41419de58ca6,4.0,3.0,2.0,148,5.0,5.0,5.0,4.8,5.0,4.8,35.0,2.0
1742bd61-3af4-4911-9ffc-ee09384fcd61,2.0,1.0,1.0,178,4.9,4.9,4.9,4.9,4.9,4.7,38.0,1.0
c9455bfd-5870-47e8-a903-0886eae744ff,4.0,3.0,1.0,220,4.8,4.8,4.9,5.0,4.9,4.8,45.0,2.0
1e308ef0-d2a6-4563-a105-3bfb693c09ac,4.0,2.0,2.0,251,5.0,5.0,5.0,5.0,5.0,4.8,30.0,2.0
f6fa726e-8b8e-4280-a550-d91a99d38051,2.0,2.0,1.5,82,4.9,5.0,5.0,5.0,4.9,5.0,44.0,1.0
c351af8c-c86f-449f-9291-d9244f66d963,2.0,2.0,1.0,69,4.2,5.0,5.0,4.9,5.0,4.7,19.0,1.0
82552518-76e8-4f59-a827-36d039be2674,8.0,5.0,2.0,164,4.8,4.8,4.7,4.8,4.9,4.5,50.0,3.0
0d88169e-c160-4cbd-9094-12893efaa5b9,2.0,1.0,1.5,85,4.8,4.9,5.0,4.9,5.0,5.0,22.0,1.0
83293351-a695-42b4-a4b6-32245b17e587,8.0,4.0,3.0,354,4.8,5.0,5.0,5.0,5.0,4.8,54.0,4.0
80aeca18-a93f-46ad-a752-fb33c36bfccc,4.0,3.0,1.0,141,4.8,4.8,4.9,4.9,4.9,4.5,38.0,2.0
3263d4d2-26e7-47d8-80a5-d60d445ae74b,1.0,1.0,1.0,72,5.0,4.9,5.0,4.9,5.0,5.0,28.0,1.0
42fcb7e0-1f55-4592-b40b-f4f2801056fb,4.0,3.0,1.0,75,4.8,5.0,5.0,4.9,5.0,5.0,29.0,2.0
6bf3ed61-9e61-423b-b148-ee988fb7f30e,5.0,5.0,1.0,181,4.8,4.9,4.9,4.9,4.9,4.8,29.0,2.0
139346c0-47a4-4f7f-807d-38291149bda2,4.0,3.0,1.0,62,4.9,4.9,4.9,4.9,4.9,4.8,61.0,2.0
3e36c68c-2ea2-47dc-97a0-4d627f9bdaf2,2.0,1.0,1.0,118,5.0,5.0,5.0,5.0,5.0,5.0,38.0,1.0
0bc25195-d88b-47a2-9561-d0b0c8e0ab5f,4.0,1.0,1.0,140,5.0,5.0,5.0,5.0,5.0,4.8,51.0,1.0
87ca8a0e-bde9-4221-8c2d-e9351dfe5303,6.0,5.0,2.0,71,4.7,4.4,4.9,5.0,4.7,5.0,21.0,3.0
7fbf1208-18fc-4ddd-8f34-a60a44d9d7ef,10.0,7.0,5.0,399,4.8,4.9,5.0,5.0,5.0,4.7,61.0,5.0
b2097662-2809-497a-a659-46aa24da6949,4.0,3.0,1.0,118,4.9,5.0,5.0,5.0,5.0,4.9,38.0,2.0
5d63a194-a9b3-44ec-a23f-b736e7684158,5.0,3.0,2.0,208,5.0,4.9,5.0,4.9,5.0,4.9,18.0,2.0
18a71485-d03d-43af-be92-4b1b1405c7f9,8.0,5.0,1.5,48,4.6,5.0,5.0,5.0,5.0,4.9,41.0,3.0
90a9fb5b-e60d-4855-a502-c0fe03fb2143,4.0,3.0,1.0,110,5.0,4.9,4.9,4.9,4.9,4.6,51.0,2.0
d2b284ca-6387-4623-af88-e4a384625bb8,4.0,3.0,2.0,41,4.7,4.8,4.8,4.8,4.8,4.7,36.0,2.0
2c984bda-52f9-4630-84dd-4c87fc33b3d1,5.0,3.0,1.0,103,4.7,5.0,4.8,5.0,5.0,5.0,39.0,1.0
f516c5c5-ddc6-4eb1-9c4b-904bbb753589,4.0,3.0,1.0,112,5.0,5.0,4.9,4.9,5.0,4.8,58.0,2.0
83667983-1e02-4721-b98d-6637a5444bed,4.0,4.0,1.0,50,4.9,5.0,5.0,4.9,4.9,5.0,16.0,2.0
4ce267ac-f6a9-4126-8501-fc6925f934b3,4.0,4.0,2.0,177,4.8,5.0,5.0,4.9,5.0,4.8,28.0,2.0
fbb673ff-99bc-4dda-813d-1ebb46f52adc,2.0,1.0,1.5,149,5.0,4.9,5.0,5.0,5.0,4.8,30.0,1.0
29377583-e531-49b2-b6ec-ef41d1b0243a,2.0,1.0,1.0,129,4.6,4.7,4.5,4.4,4.8,4.3,19.0,1.0
da10c8a2-ccbd-4c8b-93d4-e99cf7a5696e,3.0,2.0,1.0,226,4.8,4.9,4.9,4.9,4.9,4.7,30.0,1.0
bada66a8-9df7-4cca-81c8-5d1bde123e4e,4.0,2.0,0.0,86,4.9,4.8,4.9,5.0,4.9,4.6,12.0,1.0
b354e322-9ccb-4011-a590-8ec88dd7668f,6.0,5.0,2.0,276,4.9,5.0,5.0,5.0,5.0,4.8,35.0,3.0
160a0891-f218-4b2b-b477-dcdef8bcc304,2.0,1.0,1.0,171,5.0,5.0,5.0,5.0,4.9,5.0,22.0,1.0
f00270e7-047b-4302-981a-aac444a463cd,2.0,1.0,1.5,146,4.9,4.9,4.8,5.0,5.0,4.8,16.0,1.0
a523f2e9-7f0b-4e39-b538-3a69c4a1cb2e,3.0,1.0,1.5,108,5.0,4.8,5.0,4.9,5.0,4.8,59.0,1.0
6d7c733d-b11d-47dc-8e31-37041341098a,2.0,1.0,1.0,136,5.0,5.0,5.0,4.9,5.0,4.9,43.0,1.0
e4f645dc-a3f8-48de-bec5-fe99e2ec52f9,5.0,4.0,1.0,87,4.7,4.8,4.8,4.8,4.8,4.7,12.0,2.0
7d1520c1-c8a6-4598-aeba-d82ed12faffd,2.0,1.0,1.0,63,4.9,5.0,5.0,4.9,5.0,4.9,25.0,1.0
b64a706b-744e-4ba8-b09c-8011ba762401,4.0,4.0,2.0,96,4.9,4.9,5.0,4.9,5.0,4.9,24.0,2.0
029a766e-6a96-4865-823b-ae2957662ad9,5.0,4.0,1.5,125,4.9,4.9,4.9,5.0,5.0,4.7,41.0,3.0
0174b15f-3ab5-424f-a8de-eec20ef88b46,2.0,1.0,1.0,282,5.0,5.0,5.0,4.9,5.0,4.9,19.0,1.0
8ff55d5b-4fc3-474e-b5c5-7b4fae553d7a,2.0,2.0,1.0,132,4.9,4.9,5.0,4.9,5.0,4.5,60.0,1.0
9d5b59a3-ad02-4f11-ade6-8cf125006239,2.0,1.0,1.0,99,4.7,4.7,4.9,5.0,5.0,4.9,38.0,1.0
b2d802cc-7f4c-4d3e-b930-510e098c160b,2.0,1.0,0.0,92,4.5,4.9,4.8,4.9,5.0,4.8,6.0,1.0
1ff30d2d-a960-42e7-9053-3c89e0b96db0,1.0,1.0,1.0,330,5.0,4.9,4.9,5.0,4.9,4.7,4.0,1.0
33207e3c-a4e9-4ae4-9aeb-5816af427afa,2.0,1.0,1.0,47,4.8,5.0,5.0,4.9,5.0,4.7,41.0,1.0
637c2e87-a69e-474c-a4f4-a9734ee1eedb,2.0,1.0,1.0,162,4.8,4.8,5.0,4.9,5.0,4.8,20.0,1.0
f9cf09dd-07e2-4ea2-95ee-e822524aaf6e,10.0,5.0,3.0,329,4.2,4.7,4.9,4.9,4.8,4.7,38.0,4.0
193e1033-39bf-4872-878e-c7b8e7ce0106,2.0,1.0,1.0,233,4.9,4.9,5.0,5.0,5.0,4.7,18.0,1.0
a5dd466a-9bbe-4f41-92c7-65f8e4e35e3c,6.0,4.0,3.0,478,5.0,5.0,5.0,4.9,5.0,4.8,25.0,3.0
37004800-f110-4902-8835-3a2bd868283d,6.0,1.0,1.0,77,4.8,4.8,4.9,4.8,4.9,4.6,22.0,1.0
c2bcd7b5-e9d3-482e-af6d-1d32145d16ec,2.0,1.0,1.0,38,5.0,5.0,5.0,5.0,5.0,5.0,13.0,1.0
ce6b5b9b-334d-459d-9c58-2ad293c90f7d,5.0,4.0,1.0,93,4.7,4.9,5.0,4.9,5.0,4.8,54.0,2.0
b56b36aa-7525-4312-b8e0-6d1d8de6e1fb,8.0,4.0,3.0,220,4.9,5.0,5.0,4.9,5.0,4.9,63.0,3.0
9696a977-2a02-4f8e-9081-51c58a877c9f,4.0,2.0,1.0,670,4.9,5.0,5.0,5.0,4.9,4.8,15.0,1.0
a9549b2b-e527-46cc-b327-e962386ad4cd,4.0,1.0,1.0,92,4.9,5.0,5.0,4.9,4.9,4.8,37.0,1.0
615bb599-69fa-4b31-a9e5-fd0bccde7dc2,4.0,3.0,1.5,165,4.8,4.9,4.9,4.8,4.9,4.7,23.0,2.0
f94601c4-3a68-4df5-a1b8-9f7982b44b76,2.0,1.0,1.0,187,4.8,4.9,4.9,4.9,4.9,4.7,37.0,1.0
672600e6-2d41-4658-85b0-db041491abc7,6.0,5.0,1.0,84,4.9,4.9,4.9,4.9,4.9,4.8,49.0,1.0
dec689ef-b593-4d8b-a27c-d410744e193e,2.0,1.0,1.0,115,5.0,5.0,5.0,5.0,5.0,4.7,23.0,1.0
9b17da82-3b65-4c5a-8f6e-8741ab03352c,3.0,2.0,1.5,65,4.8,4.8,5.0,4.8,5.0,4.8,39.0,1.0
f37a808c-91e0-4a1b-b91d-a37e8fb8761a,4.0,3.0,1.5,210,5.0,5.0,5.0,5.0,5.0,5.0,33.0,1.0
4a055649-5f37-426c-92fd-c829667909a5,2.0,1.0,0.0,230,4.7,4.8,4.9,4.9,4.9,4.6,17.0,1.0
bf4c6e02-73a6-410f-b044-6ec4665130a6,2.0,2.0,1.0,31,4.6,4.7,4.9,4.7,5.0,4.8,32.0,2.0
1f2b998d-3892-45ad-9456-6d88d5892909,2.0,2.0,1.0,8,4.9,4.9,4.9,4.5,4.9,4.8,22.0,1.0
0844465f-2bac-42ce-ba3a-7f176b046ac0,6.0,3.0,1.0,254,5.0,4.9,5.0,4.8,5.0,4.8,56.0,2.0
cfdf40a2-f29e-4bf8-b7d7-36000eb03408,3.0,2.0,1.0,33,4.8,4.9,4.8,4.8,4.9,4.8,28.0,1.0
3721945b-4155-4f47-88b7-d6e59b4ba580,2.0,1.0,1.0,274,4.8,4.7,4.8,5.0,4.8,4.6,40.0,1.0
233e169e-2b06-478c-8653-d5efab43ae8f,2.0,1.0,1.0,187,5.0,5.0,5.0,5.0,5.0,4.7,12.0,1.0
9eb7c284-fc1c-4db5-b14b-c0f0b34c0d35,2.0,1.0,1.0,91,4.9,4.9,4.9,4.9,5.0,4.6,7.0,1.0
4b61fdea-24ad-4ac2-9c86-aa06fe7060a9,2.0,1.0,1.0,60,5.0,5.0,4.9,4.7,5.0,4.8,20.0,1.0
4a622ace-f8d1-4b0b-9d5d-00814c24cf7f,2.0,1.0,1.0,173,5.0,5.0,5.0,5.0,5.0,5.0,42.0,1.0
ea67cf80-d866-46c8-bd16-b6479a88164d,4.0,4.0,1.0,58,4.9,5.0,5.0,4.9,5.0,4.8,34.0,1.0
d6f6e71f-c906-48fc-b5fa-665fbbc51c2e,6.0,7.0,2.0,167,4.8,5.0,5.0,4.9,5.0,5.0,23.0,3.0
ddecc10f-78e7-4470-88d7-a0af1ccbdcd3,4.0,1.0,1.0,51,5.0,4.9,5.0,4.8,5.0,4.7,25.0,1.0
8c90b6f4-3527-43ac-9604-86b6a1de97a9,2.0,1.0,1.0,21,4.5,4.8,4.6,4.9,4.9,4.6,8.0,1.0
7fd516f7-e41d-4957-9aeb-d18179b1f73b,2.0,1.0,1.0,45,5.0,5.0,5.0,5.0,5.0,5.0,13.0,1.0
c9dffab4-d031-4dae-b2a1-8d819fd228f6,8.0,3.0,2.0,35,4.8,4.9,4.9,4.5,4.8,4.6,26.0,2.0
61037112-b0a4-43da-bdea-82af2ddc6c57,2.0,1.0,1.5,76,4.8,5.0,4.8,4.9,4.8,4.8,14.0,1.0
fcc99396-853b-4b85-aa11-2018acd1d2ee,16.0,17.0,10.0,278,4.5,4.3,4.4,4.6,4.8,4.4,12.0,10.0
625b2cc7-f5e3-4728-8c4e-e59bb5eb9888,2.0,1.0,1.0,117,5.0,5.0,5.0,4.9,5.0,4.7,17.0,1.0
ceb92cf3-02ac-440d-a6bd-c2494341395e,2.0,1.0,1.5,33,4.9,5.0,5.0,4.8,4.9,4.6,33.0,1.0
34e59f4d-9366-42db-bfcb-4ea8e4cc869b,2.0,1.0,1.5,119,4.8,4.9,4.9,4.8,4.9,4.7,25.0,1.0
a893679f-32fb-492f-9b4e-cd3a726d39ba,2.0,1.0,1.5,123,4.7,4.9,4.9,4.8,4.9,4.8,29.0,1.0
06a00e32-3f56-4e37-a7ef-d4076a9045dd,4.0,2.0,1.0,50,4.5,4.7,4.7,4.7,4.7,4.6,17.0,1.0
2b99478b-c5d3-4b67-b022-a06a630a0f50,4.0,2.0,1.0,228,5.0,5.0,5.0,5.0,5.0,5.0,59.0,2.0
aed3a51c-0cc7-4aea-9f9d-30cc3e128c33,2.0,1.0,1.0,37,3.8,4.6,4.5,4.7,4.7,4.6,6.0,1.0
a4d480ab-0889-4404-8751-23fb5d43f9b3,2.0,1.0,1.0,147,5.0,4.9,5.0,4.9,5.0,4.8,21.0,1.0
9fe7b11a-2750-4e48-81dd-49ecab1f0fd7,2.0,2.0,1.0,143,5.0,5.0,5.0,5.0,5.0,4.9,38.0,1.0
c7f029c4-7b6b-4ce2-a378-40cdd2015fb8,2.0,1.0,1.0,75,4.9,4.9,4.8,4.6,4.9,4.8,16.0,1.0
8d170918-9928-4fc0-8529-0fcc3412f3b8,3.0,1.0,1.0,11,4.9,4.9,4.9,4.3,4.9,4.7,22.0,2.0
bada02ab-fa4a-45c0-8f79-97bb5e3d663b,2.0,1.0,1.0,25,5.0,5.0,5.0,5.0,5.0,4.8,30.0,1.0
8399a523-0ab2-4aec-81c6-75ee5746cfb3,2.0,1.0,1.0,153,5.0,4.9,5.0,4.9,5.0,4.9,35.0,1.0
7ab66fa5-97c2-4760-810c-0e589d190c80,4.0,2.0,2.0,181,4.8,4.9,4.8,4.9,4.9,4.8,61.0,2.0
f6b6717f-72f3-4abc-9d3d-50a8a24949b1,2.0,1.0,1.0,88,4.9,4.9,4.9,4.9,4.9,4.8,34.0,1.0
b721fa86-6710-46a3-92d4-afd7ba634f41,2.0,2.0,1.0,85,4.9,4.8,5.0,4.3,5.0,4.8,42.0,1.0
c0267604-3f26-4d07-a875-36477e58b532,3.0,1.0,1.0,82,5.0,4.9,4.9,4.9,5.0,4.8,27.0,1.0
74353f96-5c28-4dbf-a98f-bb9c79b4f728,2.0,1.0,1.0,49,4.7,4.9,4.9,4.5,4.8,4.7,12.0,1.0
1db30512-489a-4d68-be3d-76302d6bd363,16.0,4.0,5.0,1112,5.0,4.9,4.8,5.0,4.9,4.8,71.0,4.0
5cd99ce3-a0af-4a83-9457-2e806dd530d3,6.0,3.0,1.5,152,5.0,4.6,5.0,5.0,4.4,4.2,36.0,2.0
48349ad3-a027-4698-a5ba-8b1640832f7f,2.0,1.0,1.0,183,5.0,5.0,5.0,5.0,5.0,4.9,37.0,1.0
c53d2af2-891d-454e-a42d-df29aa794465,2.0,1.0,1.0,18,4.9,5.0,5.0,5.0,4.9,5.0,42.0,1.0
fcff2d0e-a5f9-431a-a0bb-598cf592c831,4.0,2.0,1.0,69,5.0,5.0,5.0,4.6,5.0,4.8,31.0,1.0
65096a4d-ee95-4653-be0a-bfe31e2fcd2a,1.0,1.0,1.0,345,4.8,4.9,5.0,5.0,5.0,4.6,47.0,1.0
5c62508c-e201-4de4-b972-e4f5b523368f,3.0,2.0,1.0,30,4.7,4.6,4.9,4.5,4.8,4.6,18.0,1.0
330f1aff-56df-41c2-8062-1493f3976f3f,16.0,4.0,3.0,116,4.3,4.4,4.5,4.8,4.7,4.4,58.0,3.0
891793c1-99a1-431e-a7cb-bc1b6df54b22,4.0,2.0,2.0,204,4.9,5.0,4.9,4.9,5.0,4.8,32.0,2.0
23b4c6fc-c948-4853-a6a3-a9a6c046409e,2.0,1.0,1.0,87,5.0,5.0,5.0,5.0,5.0,5.0,46.0,1.0
8033fde9-3862-4879-9843-400fd06dc2b7,2.0,1.0,1.0,89,4.9,4.9,5.0,4.7,4.9,4.7,19.0,1.0
8df10cda-e016-4c78-a39e-f76b75cb4af0,2.0,1.0,1.0,49,4.9,5.0,5.0,4.9,5.0,4.9,19.0,1.0
b6be5b58-fd4d-49ff-81c3-5ea525048050,6.0,4.0,2.0,63,4.6,4.8,4.9,4.9,4.8,4.7,55.0,3.0
d14d15df-86a3-4dcc-a213-dee72f8d5680,8.0,6.0,4.0,192,4.9,5.0,5.0,5.0,5.0,4.8,72.0,3.0
5fff7910-2932-4c6b-ac35-8a3d8e913d3f,4.0,3.0,1.0,152,4.8,4.9,4.8,4.9,4.8,4.7,27.0,2.0
fdebc810-4a4c-4642-9a7e-11901ca85202,5.0,2.0,1.0,92,4.7,4.8,4.7,5.0,4.7,4.7,17.0,2.0
6ffca415-ef56-4f67-bb7a-6abc4dc6e229,2.0,1.0,1.0,193,5.0,5.0,5.0,5.0,5.0,4.9,38.0,1.0
2c074130-7deb-4412-8805-dd16a9036071,3.0,2.0,1.0,27,4.7,4.7,4.8,4.7,4.9,4.7,22.0,1.0
91a85d43-a936-4133-a2aa-67920790e39a,4.0,2.0,1.0,33,4.8,5.0,5.0,4.6,5.0,5.0,24.0,1.0
857d4697-111a-4b3b-a52f-d1bf7c63623e,2.0,1.0,1.0,58,4.8,4.8,4.9,4.8,4.9,4.7,25.0,1.0
f5e2d2ea-6cea-4e8e-b85f-43c3f04d0f60,11.0,5.0,3.5,320,4.9,5.0,5.0,4.9,5.0,4.8,76.0,3.0
3e551b24-b7ba-4b78-9846-6ad7cd0f45f3,6.0,4.0,1.0,320,5.0,5.0,5.0,5.0,5.0,4.9,60.0,2.0
a7857870-0a9e-4b62-989d-b9a7850c9106,3.0,2.0,1.0,86,4.9,4.9,4.9,4.9,4.9,4.8,23.0,1.0
08d3fa54-66aa-46f0-b218-e024938e774a,2.0,1.0,1.0,53,4.9,5.0,4.9,4.9,5.0,4.9,50.0,1.0
7f379ac1-6e56-4b62-9a8f-41e655a3a2cf,2.0,1.0,1.0,584,5.0,5.0,5.0,5.0,5.0,4.8,42.0,1.0
e0fc3026-5a88-48c8-a9fb-722ae78778f1,6.0,3.0,2.0,91,5.0,5.0,5.0,4.3,4.3,5.0,14.0,2.0
a44acd68-e337-421f-93ce-0f31ad61925a,5.0,3.0,1.0,234,4.8,4.9,5.0,4.9,5.0,5.0,57.0,3.0
3663534b-d8bd-4c15-9614-1610bf7d27bd,2.0,1.0,1.0,53,4.6,4.9,4.6,4.8,4.9,4.4,10.0,1.0
8c11f98c-4974-464c-a5d5-7b9d79e08ac5,6.0,4.0,3.0,55,4.7,4.9,5.0,4.9,4.9,4.8,28.0,3.0
e569680e-2ed4-4fe0-ba08-04a0d306339d,5.0,4.0,1.0,123,5.0,5.0,5.0,5.0,5.0,4.9,43.0,2.0
32a574a4-6440-4830-8301-178a38ffe0fd,2.0,1.0,1.0,251,4.8,4.9,5.0,4.9,5.0,4.7,43.0,1.0
a519bd5a-0de9-45a5-a4e0-288f3c42dfa3,4.0,3.0,1.0,119,5.0,5.0,5.0,4.7,5.0,4.8,32.0,2.0
f7c64e11-cbcb-4b5e-802c-7d2d549ce39e,6.0,5.0,3.0,307,4.7,4.8,4.9,4.9,4.9,4.6,68.0,4.0
12b7cdf1-71f2-49b4-ba85-9441fecd7fde,6.0,3.0,2.0,345,5.0,5.0,5.0,5.0,5.0,4.9,61.0,2.0
ada552a4-6940-4f22-83cb-65126e507b1a,4.0,2.0,1.5,153,5.0,5.0,5.0,5.0,5.0,4.9,52.0,2.0
d42233a7-5bfb-42e0-a3bb-85b85ba5f28d,9.0,5.0,3.5,876,4.7,5.0,4.9,5.0,4.9,4.7,19.0,4.0
a1aa3ede-1e39-450b-8add-cf14ee2a0bdc,8.0,4.0,3.0,318,5.0,5.0,5.0,4.9,5.0,5.0,47.0,3.0
7d23e895-7d34-4199-bbe3-500eed339cfb,2.0,1.0,1.0,76,4.9,4.9,5.0,4.8,5.0,4.7,28.0,1.0
9323a70b-96ce-49ff-8a49-83f99ef52c92,3.0,1.0,1.0,8,4.8,4.9,4.9,4.4,4.9,4.7,23.0,2.0
75c9a477-8fec-4472-8a1c-2c381e235178,6.0,6.0,4.5,138,4.9,5.0,4.9,4.7,5.0,4.7,60.0,3.0
a1fedc40-0919-4174-8a0e-67e861c7e2d2,2.0,1.0,1.0,179,4.9,4.7,5.0,5.0,5.0,4.6,21.0,1.0
eb20eba6-0f09-4de6-8925-3e23dd3f5c31,2.0,1.0,1.0,537,4.9,4.9,4.9,4.9,4.9,4.7,56.0,1.0
678f30d0-61fe-4427-a8a2-1715fd15d3d0,2.0,1.0,1.0,94,5.0,5.0,4.9,5.0,5.0,4.6,12.0,1.0
52cffde6-b8f5-430f-b8c6-2fc0b7f7bb48,2.0,1.0,1.0,32,4.8,4.8,4.8,4.8,4.8,4.7,37.0,1.0
45ca18d7-0d0a-476a-8c76-73cf3aff38e2,4.0,1.0,1.0,78,5.0,5.0,5.0,5.0,5.0,5.0,42.0,1.0
fef2b8ba-254c-488d-b77e-e9f8dd0664e9,2.0,1.0,1.0,134,4.8,4.7,4.4,4.9,4.8,4.3,11.0,1.0
9b57c147-2e07-42b4-a43c-a0475562f060,10.0,7.0,4.5,428,5.0,5.0,4.9,4.9,4.9,5.0,54.0,5.0
865d08ce-b63a-4965-ae0d-f1c272ec278f,2.0,1.0,1.0,81,4.8,5.0,5.0,5.0,5.0,4.8,24.0,1.0
13e5f1d9-8282-4675-b594-c47bbf116a5b,4.0,2.0,1.0,134,4.9,4.9,4.8,4.8,5.0,4.7,45.0,1.0
061d72ac-de7f-422c-9c77-6556ea3c064c,3.0,2.0,1.0,82,5.0,5.0,5.0,4.9,5.0,4.9,29.0,1.0
0dcbdcde-a9db-487e-b70e-d975c80b0266,4.0,4.0,2.0,83,5.0,5.0,5.0,4.9,5.0,5.0,33.0,3.0
75a088f3-7edd-456d-b493-390bbae178e4,2.0,2.0,1.0,74,4.6,4.5,4.4,4.6,4.7,4.6,36.0,1.0
a0c0aafe-69af-4c84-8fd7-464e86144e3e,2.0,1.0,1.0,87,5.0,4.9,4.9,4.9,5.0,4.9,50.0,1.0
62f97478-ee10-4e3c-b950-eb839afd272a,6.0,3.0,2.0,432,4.7,4.7,4.6,4.8,4.8,4.3,26.0,3.0
998699f0-1a57-4a3c-847f-b5293d3ebdb9,2.0,1.0,4.0,26,4.8,4.9,4.8,4.6,4.9,4.8,21.0,1.0
f7e1d4b9-7311-44fb-8bc3-1ce985488ba7,6.0,3.0,2.0,307,4.8,5.0,5.0,5.0,5.0,4.8,78.0,3.0
7cefc968-d723-455e-a15a-f3d64000e4d1,2.0,1.0,1.0,49,4.8,4.9,5.0,4.9,5.0,4.8,17.0,1.0
78028f50-bd4e-47b1-ad91-0adf043411b3,4.0,3.0,2.0,128,4.9,5.0,5.0,5.0,5.0,4.9,66.0,2.0
ed2c5904-fffa-41d2-97ed-72e9dda2b4db,2.0,1.0,1.0,43,4.6,4.9,5.0,5.0,5.0,4.9,18.0,1.0
b7fdaff2-8ea8-4384-a36d-0fe5f5e2a8e3,2.0,1.0,1.0,43,4.7,4.8,4.8,4.5,4.8,4.8,36.0,1.0
41e16e2a-c6f4-4cf3-8890-2e1bec51d37d,8.0,4.0,3.5,87,5.0,5.0,5.0,4.9,4.9,4.9,37.0,3.0
252893c6-2d66-4596-baba-ed47e90d923d,4.0,2.0,1.0,78,5.0,5.0,5.0,4.9,5.0,5.0,45.0,1.0
f4a23817-59b7-4746-a2fe-a8d5906b4d05,4.0,2.0,1.0,105,4.9,4.9,5.0,4.9,5.0,4.8,46.0,1.0
ef71c863-2ba0-47a2-85e6-8c03c955b8b6,5.0,3.0,1.0,120,5.0,5.0,5.0,4.9,4.9,4.7,10.0,1.0
20f5cbef-5474-4e60-bd02-c0511016699d,2.0,1.0,1.0,175,5.0,4.9,5.0,4.9,5.0,4.9,55.0,1.0
0a47e98e-4270-4ee6-a3d6-801e4c38654c,4.0,2.0,1.0,90,4.9,5.0,5.0,5.0,5.0,4.9,35.0,1.0
31c644d1-235e-4ae9-936f-a6b0b71f5043,4.0,1.0,1.0,78,4.7,4.9,4.9,4.9,5.0,4.8,23.0,1.0
12841de3-26bc-4f4c-a3ae-d7630d6a6c8f,2.0,1.0,1.0,30,4.6,5.0,5.0,4.8,5.0,4.9,30.0,1.0
3a77d6a5-eb24-42d8-9e5b-cc25c5ac4c8d,9.0,6.0,4.0,189,4.3,4.8,4.9,5.0,4.9,4.7,42.0,5.0
6adc2a4c-248c-478a-bbd0-aeca2a0cca96,10.0,6.0,3.0,216,4.7,5.0,5.0,5.0,4.9,4.8,60.0,5.0
3fc22d8e-2454-46f4-9f5b-3164da562512,6.0,3.0,3.0,108,4.8,4.9,4.6,5.0,5.0,4.9,22.0,2.0
67f983cc-5438-4c1a-a083-f27ebbc4d32e,4.0,2.0,1.0,211,5.0,5.0,5.0,5.0,5.0,4.9,36.0,2.0
c969155d-1243-4ea8-a3fa-3d64427f398d,4.0,3.0,1.0,62,4.9,5.0,5.0,5.0,5.0,4.9,54.0,1.0
1a64c37c-2e51-4cd1-8c92-435443f10547,2.0,1.0,1.5,588,5.0,5.0,5.0,4.9,4.8,4.7,49.0,1.0
c8b2eb0b-4593-41c0-93b1-cb46471630b6,2.0,1.0,1.0,24,5.0,5.0,4.8,5.0,5.0,4.7,27.0,1.0
a4f705b6-462f-40f8-96f3-bdbcf4167ca4,5.0,3.0,2.0,143,4.8,5.0,4.9,5.0,5.0,4.9,39.0,3.0
19474e3e-0e33-4785-bb62-6c867db98c70,2.0,1.0,2.0,232,4.6,4.8,4.9,4.9,4.9,4.9,64.0,1.0
6761741c-91f5-4082-b44c-bbfee44e26c2,2.0,1.0,1.0,72,4.8,5.0,4.9,5.0,5.0,4.8,18.0,1.0
4956ab86-7809-4872-a8ff-b89365fac3aa,16.0,15.0,4.0,385,4.7,4.8,4.7,4.5,5.0,4.4,41.0,7.0
c35821a2-0f9f-40a2-9d4d-1e469bd4225e,4.0,2.0,1.0,307,5.0,5.0,5.0,5.0,5.0,4.9,52.0,2.0
05fde43e-e3e5-4284-9efb-99bb09f319fa,4.0,2.0,2.0,150,4.7,4.7,4.6,4.6,4.6,4.6,34.0,2.0
8bea9841-7fe5-429e-96e9-c879b24e58c6,8.0,4.0,2.0,189,4.8,4.9,5.0,4.9,5.0,4.7,28.0,3.0
25419309-7ccb-443e-a2bb-633a4f53de8c,2.0,1.0,1.0,98,5.0,4.9,5.0,5.0,5.0,4.9,13.0,1.0
00fbaa75-da66-4cfd-9eb3-5c6ed3dbfbe4,2.0,1.0,0.0,67,4.0,4.4,4.5,4.6,4.5,4.2,22.0,1.0
eb5bfeee-7d33-4131-a5dd-59528b4cca89,4.0,2.0,1.0,64,4.8,5.0,5.0,4.9,5.0,4.7,36.0,1.0
13d8dd75-a9c0-49de-8a71-598d773a1cfe,4.0,2.0,1.0,100,4.9,5.0,5.0,5.0,5.0,4.9,25.0,1.0
7d561ff8-a880-4dfd-8542-24b1caf675b2,4.0,2.0,1.0,137,4.9,5.0,5.0,4.9,5.0,4.9,59.0,2.0
802d2eda-fb04-4772-818b-d32ed24da8f3,6.0,5.0,1.0,71,4.8,4.8,4.9,4.7,4.9,4.9,35.0,3.0
cdffa91c-5883-4738-b712-bf682d24e50d,12.0,12.0,2.5,190,4.3,4.8,4.9,4.9,4.8,4.6,27.0,5.0
347cb13a-e22f-48b9-a3bc-1830681e71c1,4.0,1.0,1.0,198,4.9,4.9,5.0,4.8,5.0,4.8,20.0,1.0
c881ae14-a48f-4c5d-92f9-a2613620782a,2.0,2.0,0.0,34,4.8,4.8,4.8,4.8,4.8,4.7,10.0,1.0
4f163246-e10c-4a7f-83c0-9e618bf30950,4.0,1.0,0.0,150,5.0,4.9,5.0,5.0,5.0,4.8,15.0,1.0
f32bbfc0-93f8-46ae-ba6f-7b2be4565eb4,7.0,5.0,3.5,321,5.0,5.0,5.0,5.0,5.0,5.0,30.0,3.0
80813bf9-6b4f-4466-9a68-9adcf6c1c687,10.0,9.0,5.0,363,4.6,5.0,5.0,4.9,5.0,4.8,40.0,5.0
bbe0098e-7bc4-4328-b4bf-d62753cc3e0a,2.0,1.0,1.0,36,4.8,4.9,4.9,5.0,4.9,4.8,10.0,1.0
ed1aa7ec-f909-460d-96a8-db60d1de1068,2.0,1.0,1.0,77,4.8,4.9,5.0,4.9,5.0,4.8,22.0,1.0
6986d861-1745-49ab-8e58-727d01be9849,4.0,4.0,2.0,149,5.0,5.0,5.0,5.0,5.0,4.2,25.0,2.0
75813361-ac88-4b2c-99a3-9c4aaf7baa60,2.0,2.0,1.5,120,5.0,5.0,5.0,4.8,5.0,4.8,31.0,1.0
ebc42615-eb43-44c8-bfb9-67b0c8031443,2.0,2.0,1.0,50,4.8,4.9,4.9,5.0,5.0,5.0,58.0,1.0
7514e6d6-2cdb-4659-a162-4bbd78682036,5.0,3.0,1.0,84,4.9,4.8,5.0,4.7,4.9,4.6,52.0,2.0
f0755650-cbd7-4609-a8c0-297c9d56dd29,2.0,1.0,1.0,16,4.8,5.0,4.9,4.9,5.0,5.0,24.0,1.0
e63d2a86-5e49-4eed-8285-1ccfc9f4ffab,3.0,1.0,1.0,97,5.0,4.9,5.0,4.9,5.0,4.8,21.0,1.0
c7731cd6-9e69-4766-9d72-f4f9b0c2ffd5,3.0,2.0,1.0,51,5.0,5.0,5.0,5.0,5.0,5.0,31.0,1.0
d1b95c25-fc6c-4a72-a092-22dd812d8eec,4.0,2.0,1.0,32,4.6,4.7,4.8,4.7,4.8,4.6,25.0,1.0
2c0bd02b-a549-405e-8245-da2617d993ec,4.0,2.0,2.5,246,4.5,4.9,4.8,5.0,5.0,4.7,30.0,2.0
c35b4342-2720-49c4-ac77-2281a4e0ae02,4.0,3.0,2.0,181,5.0,5.0,5.0,5.0,5.0,5.0,22.0,2.0
2dbb81a8-0639-4b5a-a259-a220de4aca61,6.0,2.0,2.0,76,4.6,4.8,4.8,5.0,4.9,4.7,38.0,2.0
ae4be773-0bfa-40b3-b8a7-c43de8d29fda,2.0,1.0,1.0,113,4.8,4.5,4.9,4.8,4.9,4.3,19.0,1.0
4af439b3-20e9-4978-a8df-b6535f92f6dd,6.0,4.0,1.5,99,4.7,4.8,4.9,4.8,4.9,4.7,33.0,3.0
e8d9fadf-403f-4db1-b703-30cadab6b373,6.0,10.0,1.0,68,4.9,4.6,5.0,5.0,5.0,4.9,34.0,3.0
4a65829f-4720-4a45-a7bd-3cf8bfde7e65,6.0,3.0,2.5,128,4.9,4.8,4.9,4.9,5.0,4.7,40.0,2.0
ef418aea-b180-4714-948a-dfb73ab771fb,2.0,1.0,0.0,36,4.5,5.0,4.9,4.8,4.8,4.6,13.0,1.0
dab0d218-6a09-41ea-a85b-fc243c68e68f,5.0,4.0,1.5,266,4.7,4.8,4.9,4.6,4.8,4.4,38.0,2.0
0da186e7-8467-45c6-807a-e78bfe47edbe,2.0,1.0,1.0,115,4.9,5.0,5.0,4.9,5.0,4.8,22.0,1.0
138dd9e9-5752-4566-a8c1-ec523f58bae9,4.0,3.0,1.0,191,5.0,5.0,5.0,5.0,5.0,4.9,49.0,2.0
1517fae9-d69d-4115-af36-7a75a4631439,4.0,2.0,1.0,188,4.9,4.9,5.0,4.8,5.0,4.7,45.0,2.0
4513ee35-05eb-4a08-82f6-29206218e00f,8.0,6.0,2.5,643,4.6,4.8,4.9,4.9,4.8,4.6,37.0,4.0
484d34dd-107b-4abd-a773-6805aa431725,4.0,3.0,1.0,150,4.8,5.0,5.0,5.0,5.0,4.8,26.0,1.0
65c2123c-679c-4c4e-9a10-3addb74b51fc,9.0,5.0,3.5,1132,4.7,4.9,4.8,4.9,4.9,4.4,40.0,4.0
7d1d0993-496b-470f-8fe8-66329d1c5681,8.0,7.0,3.0,694,4.6,4.9,5.0,5.0,4.9,4.7,26.0,4.0
61e45163-abbe-4ca0-b55b-8520a335354e,4.0,1.0,1.0,166,4.8,5.0,5.0,5.0,4.9,4.7,29.0,1.0
d0aa2546-3f27-4c0e-9bf0-164d7d67d772,6.0,3.0,1.5,165,5.0,4.9,5.0,5.0,4.9,4.7,49.0,2.0
15f5f9eb-c8d2-45cf-9a9b-db61914b6064,6.0,3.0,1.0,98,4.8,4.8,4.8,4.9,4.9,4.6,48.0,2.0
823ff5bd-8e46-44df-a7f5-4a6d6135b4cb,4.0,2.0,1.0,108,4.8,4.9,4.9,4.9,5.0,4.7,20.0,2.0
b3d44fbd-d60e-4649-9ade-c5b1b4a2590b,2.0,2.0,1.0,101,4.9,4.7,4.9,4.9,4.8,4.5,41.0,1.0
a233d2a3-8aae-411e-a611-5218e144638d,10.0,7.0,2.0,275,5.0,5.0,5.0,5.0,5.0,4.8,75.0,4.0
84646939-14b6-4525-a0e2-6e7d59da8be0,5.0,4.0,1.0,194,4.8,4.8,5.0,4.9,4.9,4.7,49.0,2.0
c6caedf4-9be3-43a5-bffb-224031bde6d5,6.0,4.0,1.0,252,5.0,5.0,5.0,5.0,5.0,4.8,28.0,3.0
6fc04a0f-0722-4a62-8ada-6710947eb333,2.0,1.0,1.0,107,5.0,5.0,5.0,5.0,5.0,5.0,71.0,1.0
2c040468-ad93-4ec9-a484-c141f9c7f9c9,2.0,1.0,1.0,79,4.8,5.0,5.0,5.0,5.0,4.9,46.0,1.0
75be1f55-483a-453b-a00f-2f78e52166cb,4.0,2.0,1.0,188,4.8,5.0,4.8,5.0,5.0,4.7,20.0,2.0
0e4bd807-bdc8-434c-a02a-da932c8a4da4,2.0,1.0,1.0,89,4.9,5.0,4.9,5.0,5.0,4.7,40.0,1.0
25832feb-c810-4d24-92e6-198489302e0e,4.0,2.0,1.0,120,4.6,4.8,4.8,4.9,4.8,4.5,26.0,2.0
842411a0-3f6f-467b-ab34-0f787aa5641a,4.0,3.0,1.0,74,4.9,4.9,4.9,4.9,4.9,4.8,40.0,1.0
9de4be1e-f0b9-4f92-b279-f8402dff905a,2.0,1.0,1.0,90,4.9,4.9,5.0,5.0,5.0,4.9,6.0,1.0
bcdfdac0-3be8-49a4-9cdc-8ced5ffdb543,4.0,2.0,1.0,149,4.8,4.9,5.0,4.9,4.9,4.7,33.0,2.0
18d25b61-026a-422d-9d8d-5b39f055dcef,8.0,7.0,3.0,533,4.8,5.0,5.0,5.0,4.9,4.6,24.0,4.0
f96c6088-184d-4db4-8ba6-75880317e5cb,4.0,2.0,1.0,231,4.9,5.0,5.0,5.0,5.0,4.8,64.0,2.0
05c93c05-8acc-4592-aee5-2f10d16c4436,6.0,4.0,2.0,138,4.9,5.0,5.0,5.0,5.0,4.8,29.0,3.0
ff8125ec-275d-4417-bc13-8a21d077b34b,2.0,2.0,1.0,102,5.0,5.0,5.0,4.9,4.9,4.8,31.0,1.0
4ee43807-cba3-4e13-9b3a-5b7278001440,6.0,5.0,2.0,350,4.9,5.0,4.9,4.9,5.0,4.8,36.0,3.0
b45f2e55-99ba-4ed4-91fb-997dc515905f,9.0,5.0,2.0,286,4.8,5.0,5.0,5.0,5.0,4.8,26.0,3.0
d315bd2a-417d-42ae-861f-5d628e0bd164,6.0,5.0,1.5,132,5.0,5.0,5.0,5.0,5.0,5.0,61.0,3.0
2fe83ce6-7422-47c7-86ce-4c0deb866fd0,2.0,2.0,1.5,114,4.7,5.0,4.9,5.0,4.9,4.7,30.0,1.0
c5820880-6c3f-4749-94f6-1fedc9acda60,4.0,3.0,2.5,250,5.0,5.0,5.0,5.0,5.0,4.9,70.0,2.0
b5104125-b585-4dbc-986a-51e46b74f9fc,12.0,7.0,5.5,750,5.0,5.0,5.0,4.9,5.0,4.9,73.0,6.0
b525fab2-aa41-4e50-89ee-98326b973351,5.0,2.0,2.0,216,4.9,5.0,5.0,5.0,5.0,4.8,53.0,2.0
dae3d444-812b-49d2-b4d4-89a7d1dce1ca,6.0,4.0,2.0,150,5.0,4.9,5.0,4.9,5.0,4.5,47.0,3.0
031f4b96-eb27-4be7-9a8a-4206b0a5070e,8.0,5.0,1.5,211,4.6,4.8,4.9,4.9,4.9,4.3,56.0,3.0
5310775a-c3a5-4b93-b48c-941224524035,4.0,2.0,1.0,68,4.9,5.0,5.0,5.0,5.0,4.8,31.0,1.0
6d5b37a4-77c8-4ada-bcbe-df4470905ee1,4.0,2.0,1.0,67,4.9,5.0,5.0,5.0,4.9,4.9,44.0,2.0
8a0632b3-f22b-46e3-bd6e-4833cbcbbc34,5.0,4.0,2.0,91,4.9,4.9,5.0,4.9,5.0,4.7,29.0,3.0
4f671ed2-a3f3-452f-a6ab-57bd852596bc,6.0,5.0,3.5,398,4.9,5.0,5.0,5.0,4.9,4.7,50.0,3.0
344aec82-0770-4126-8bca-3c208e17625c,4.0,1.0,1.0,87,5.0,5.0,5.0,5.0,5.0,4.9,31.0,1.0
17663d03-fb78-4090-8f43-ba52071faaa8,4.0,2.0,1.0,203,5.0,4.9,5.0,4.9,4.9,4.7,22.0,2.0
8ddad6fa-7677-4cf9-84dc-2eeead41c027,6.0,4.0,2.0,353,4.8,5.0,5.0,5.0,5.0,4.7,32.0,3.0
f30f1202-ae9a-4671-ac41-c2e129c5777e,3.0,1.0,1.0,79,4.9,5.0,5.0,4.9,5.0,4.9,37.0,1.0
f019ee2c-1b95-4749-8ba7-292efd5b19b2,6.0,5.0,2.0,190,4.8,4.9,4.9,4.9,5.0,4.7,52.0,3.0
20a50633-914e-402d-83f3-578529a6bcfe,3.0,2.0,2.0,171,4.6,4.8,4.8,5.0,4.8,4.5,27.0,1.0
02467086-d1a1-46e4-b97d-68c8a7c2a5f1,4.0,3.0,1.0,188,4.8,4.9,5.0,5.0,5.0,4.7,64.0,3.0
34fb7187-6f74-49a6-b1e0-e35440d2838e,8.0,7.0,1.0,329,4.9,4.9,5.0,5.0,5.0,4.6,44.0,3.0
44e12e46-3ac3-4ce5-9460-fd347c7a8bfa,4.0,2.0,1.0,121,4.9,4.9,4.9,5.0,4.9,4.7,61.0,1.0
e2c0d803-0522-4b2c-8f8b-c748d6fe09c8,6.0,6.0,2.0,120,4.7,4.9,4.9,4.9,4.9,4.7,15.0,3.0
e0c89871-a615-4fc8-b3f1-8eb27bad0d17,2.0,1.0,1.0,49,4.9,4.9,5.0,4.9,5.0,4.8,40.0,1.0
223bc728-835c-471f-b543-5a8acb5dd1f1,4.0,4.0,1.0,75,4.8,4.9,4.9,4.9,4.9,4.7,31.0,1.0
b8f1027a-10ba-4736-a51c-bcf41740d841,2.0,1.0,1.0,114,5.0,5.0,5.0,4.8,5.0,4.8,52.0,1.0
62bad7a1-ba56-45d1-bfca-048f8bb9ede6,4.0,3.0,1.0,80,4.7,4.9,4.9,4.9,4.9,4.9,26.0,2.0
376792dd-d18d-4fda-a43e-4da80892f8eb,8.0,5.0,2.0,141,5.0,5.0,5.0,5.0,5.0,4.9,43.0,4.0
56d8fcb0-1158-4bf4-a404-3fb66e332dd4,2.0,1.0,1.0,225,5.0,4.9,5.0,5.0,5.0,4.8,59.0,1.0
39e76527-99c7-4783-a11e-ec4e12c7b083,2.0,1.0,1.0,76,4.9,5.0,5.0,5.0,5.0,5.0,20.0,1.0
8963cd23-aff3-4eb8-8bb3-eacd58ed7de4,4.0,3.0,2.0,111,5.0,4.7,5.0,5.0,5.0,4.3,39.0,2.0
a5fbbd78-eddc-4409-aa8d-b204963074f7,2.0,1.0,1.0,250,5.0,5.0,4.6,5.0,5.0,4.6,21.0,1.0
66829c88-ef0a-43cb-aa46-3ae70fb95a2c,4.0,2.0,1.0,108,4.9,4.8,4.8,4.8,5.0,4.7,48.0,2.0
2797a470-75c0-4ee3-9184-95f59c977701,4.0,4.0,1.0,98,5.0,4.9,5.0,5.0,4.9,4.9,22.0,3.0
e769d4e0-714f-4002-aad9-d9918fc5eca2,5.0,3.0,1.0,140,4.9,4.8,4.8,4.7,4.7,4.4,33.0,2.0
f077cf0c-ebbb-40bd-ba96-8102724a95f4,2.0,1.0,1.0,112,5.0,5.0,5.0,5.0,5.0,4.8,9.0,1.0
c5d37f43-902d-49ff-885a-a10d4da13269,10.0,7.0,4.0,956,5.0,5.0,5.0,5.0,5.0,5.0,62.0,4.0
988d7992-b240-446f-8648-d55c58c65f48,4.0,2.0,1.0,171,4.9,5.0,4.9,5.0,4.9,4.7,45.0,1.0
a11ca0a9-b91e-472d-97fb-182f77e9c621,5.0,4.0,3.0,146,4.7,4.8,4.8,5.0,5.0,4.9,23.0,3.0
e58a7d34-9298-4263-b596-bd06d5e70f44,2.0,1.0,1.0,127,4.9,4.9,5.0,5.0,4.9,4.8,39.0,1.0
65d8294f-4e8c-4657-a733-8ad283f86b5b,2.0,1.0,1.0,60,4.8,4.8,4.9,4.9,4.9,4.9,32.0,1.0
72ad3051-09dd-41b3-a771-d347d7b36dd0,4.0,2.0,1.0,126,4.8,5.0,5.0,5.0,5.0,4.8,58.0,1.0
b9ebc103-fc64-450b-8a7a-59c419cd2b36,4.0,3.0,1.0,98,5.0,5.0,4.9,5.0,5.0,5.0,49.0,2.0
a5bef0fa-0624-4dde-a320-9fb8eb2839bc,8.0,5.0,1.5,185,4.9,5.0,4.9,4.8,4.9,4.6,51.0,4.0
23d6a4bc-bd74-4ba7-a7fc-750a77273397,2.0,1.0,1.0,66,4.9,4.7,4.6,5.0,4.8,4.8,12.0,1.0
40d4f696-d15a-4b4e-9f1f-1a1ea7d494da,4.0,3.0,1.0,76,5.0,5.0,5.0,5.0,5.0,4.9,41.0,1.0
e2a962d6-6d22-4e74-a8c4-b99ed07f56b4,1.0,1.0,1.0,78,4.9,5.0,5.0,5.0,5.0,4.9,36.0,1.0
cf1e80c9-8ea2-479e-8fbb-a030d5f44e3a,6.0,4.0,1.5,249,4.1,4.3,4.7,5.0,4.8,4.4,43.0,2.0
01c07048-49a8-4bfb-9741-430d6abe053b,2.0,1.0,1.0,100,4.9,4.9,5.0,5.0,5.0,4.9,60.0,1.0
152fe73b-2b60-410d-af60-f098186968d2,4.0,2.0,1.0,100,4.1,4.4,4.9,4.9,5.0,3.7,20.0,2.0
5f620ca7-03ca-4ccf-9418-0fb0751f1351,2.0,1.0,1.0,107,5.0,5.0,5.0,5.0,5.0,4.9,37.0,1.0
9e861c80-ae01-4de2-8e04-c8ed7266ad78,4.0,2.0,1.0,113,4.8,4.8,4.8,5.0,4.8,4.7,39.0,2.0
3bbd6fc9-d046-49c9-a71b-8b53e774a46d,4.0,3.0,1.0,221,4.9,5.0,5.0,4.9,5.0,4.8,51.0,2.0
87b8790f-83d8-4e7c-ac12-68b7b5797776,10.0,5.0,2.5,489,4.3,4.7,4.9,5.0,4.9,4.6,37.0,5.0
a78bce16-8928-47cc-810f-f49647714d04,8.0,5.0,3.0,326,4.8,4.9,5.0,4.9,5.0,4.8,45.0,4.0
fb908363-6fd4-43f0-b9c8-669304008d20,10.0,8.0,2.5,382,4.7,4.8,5.0,4.9,5.0,4.7,62.0,5.0
6778631b-7479-41cf-afcf-3c9e20ae4e8f,8.0,5.0,2.0,299,4.8,5.0,5.0,5.0,5.0,4.6,44.0,4.0
e9c66d05-07c1-420c-be87-58ea0ae72407,5.0,3.0,1.0,162,4.9,4.9,5.0,5.0,5.0,4.5,31.0,2.0
ab7904cd-ea93-41f0-8220-fab86f34356c,4.0,2.0,1.0,273,4.1,4.8,4.9,4.8,4.8,4.4,30.0,2.0
7e4993f4-5b58-41ab-9654-08f822c3ac11,4.0,3.0,1.0,84,4.7,4.9,5.0,5.0,5.0,4.7,37.0,2.0
4b748f63-402b-4437-8bf6-b8de8a26eec8,9.0,8.0,4.5,215,4.7,4.8,4.9,5.0,5.0,4.7,41.0,5.0
61f41b45-2cf9-4dbc-a2df-f9242c99c992,2.0,1.0,1.0,87,4.7,4.8,5.0,5.0,4.9,4.7,59.0,1.0
92c5a308-b35d-4448-9558-84d2f8abab71,4.0,1.0,1.0,65,4.8,4.9,5.0,4.9,4.9,4.9,19.0,1.0
3e8d5bf4-9154-4f9c-ad80-6a37bb02975b,2.0,3.0,1.5,175,5.0,5.0,5.0,4.9,5.0,4.8,58.0,2.0
8e295529-0748-460b-8dfa-955d5dd8e85f,4.0,3.0,2.0,122,4.9,4.9,4.9,4.8,5.0,4.5,15.0,2.0
5d205a78-5ff1-4f48-9ade-06339b2f13b9,6.0,4.0,2.5,312,5.0,5.0,5.0,5.0,5.0,4.8,30.0,4.0
0f4b49e0-99ec-4ffe-bb7b-c22add530d02,6.0,4.0,4.0,482,5.0,5.0,4.7,5.0,4.7,4.5,47.0,4.0
27b457ba-cb64-45ef-acab-5a21904017d2,4.0,3.0,2.0,152,4.1,4.3,4.8,4.9,4.8,4.2,26.0,3.0
5bf1ce26-14c8-4a41-8fbe-c50ab57101b9,4.0,3.0,1.0,98,4.5,4.8,4.8,4.9,4.8,4.6,45.0,2.0
d2b633ec-6cd2-4a18-b203-e362f5a56b82,8.0,6.0,4.0,320,4.6,4.8,5.0,5.0,5.0,4.3,52.0,4.0
b7ba5393-7ec6-4741-989b-3c6d8a42cce5,8.0,6.0,2.5,233,4.1,4.7,4.9,4.8,4.9,4.2,37.0,4.0
9d0f22e8-9e8a-4acc-8b64-dc3b5a82c33a,6.0,2.0,1.0,144,4.7,4.9,5.0,5.0,4.9,4.7,28.0,2.0
94096257-6c55-4e57-918a-ff7df3827852,2.0,1.0,1.0,64,4.5,4.8,4.9,4.9,4.9,4.7,20.0,1.0
aac57969-8bec-44d3-aab1-5109368d3e6e,8.0,3.0,2.0,150,5.0,4.7,4.7,4.3,5.0,4.3,29.0,3.0
2078f32a-3feb-4467-b3f0-d7082c494954,2.0,1.0,1.0,77,4.8,4.9,4.9,4.8,5.0,4.5,24.0,1.0
c6a52e57-4d9c-42f5-9fca-dd20af23d250,6.0,5.0,3.5,181,5.0,5.0,5.0,5.0,5.0,4.8,50.0,4.0
a182b5be-cb48-43a9-b223-7acf629b7ca5,4.0,2.0,1.0,110,4.8,5.0,5.0,5.0,5.0,4.9,18.0,2.0
35be9691-a7da-43df-95f4-02b03e1f0c5f,2.0,1.0,1.0,54,4.9,5.0,5.0,4.9,5.0,4.9,40.0,1.0
73788acc-334c-41cf-ae8e-e3a2599b157c,4.0,2.0,2.0,143,4.9,4.9,5.0,4.9,4.9,4.8,59.0,2.0
7e4109cc-9398-48bd-a9e1-a2f80d3107fa,1.0,1.0,1.0,56,5.0,5.0,5.0,5.0,5.0,4.8,43.0,1.0
e522bc77-8166-4cef-940c-f0dc8c771daa,2.0,1.0,1.0,86,4.5,4.9,5.0,5.0,4.9,4.6,33.0,1.0
abf381eb-7c4d-4a6b-baee-871e3345afe3,3.0,2.0,1.5,152,4.8,4.8,4.9,4.9,5.0,4.7,66.0,2.0
56374a88-1510-4c7a-a156-79ab5e47c450,4.0,3.0,1.0,98,5.0,5.0,4.8,5.0,5.0,4.7,49.0,2.0
586a0771-d9c5-45f6-be33-60bf27e70dc7,10.0,10.0,2.5,795,5.0,5.0,5.0,5.0,5.0,4.8,34.0,5.0
4b959d3d-dda4-44a7-8643-76660d61362d,9.0,5.0,2.5,312,4.7,4.8,4.9,4.8,5.0,4.6,32.0,4.0
f698b2c1-4e0c-4838-8ff3-d003544a507e,2.0,1.0,1.0,34,4.9,4.9,5.0,4.9,4.9,4.9,13.0,1.0
9d996a3b-d814-4c09-bc1c-6a42885d973e,4.0,2.0,1.0,180,4.9,4.5,4.7,4.9,4.7,4.5,34.0,1.0
587f94f0-10cc-4732-bcd0-3b251eae281e,8.0,6.0,2.0,119,4.5,4.9,4.9,5.0,4.8,4.5,38.0,4.0
fa2f231f-0ed2-4d7f-b168-4e6a541a0584,4.0,2.0,1.0,151,4.7,4.8,5.0,5.0,4.9,4.7,50.0,1.0
715c12d2-fc65-4e4b-80a9-f25193f04bc1,4.0,2.0,1.0,130,5.0,5.0,5.0,5.0,5.0,4.6,28.0,2.0
ec9cc612-1aa1-42b2-bb3a-3bcf6295a605,6.0,2.0,2.0,143,4.7,5.0,5.0,4.7,5.0,5.0,45.0,2.0
52be2b71-55f8-40d2-a5d8-4701def79537,16.0,12.0,5.5,581,4.5,4.8,5.0,5.0,4.9,4.7,69.0,6.0
ee3e3a3f-05e2-4d53-a431-7cc47a7450a8,8.0,4.0,3.0,739,5.0,4.9,4.8,5.0,4.8,4.8,49.0,4.0
87666dad-3043-4eb7-b575-97caed97b5cd,2.0,1.0,1.0,117,4.9,4.9,4.9,4.9,4.9,4.7,20.0,1.0
6f4f4c5f-c9a6-4d97-aadd-f58ff3f0a278,4.0,2.0,1.0,165,4.9,5.0,5.0,4.9,5.0,4.8,46.0,2.0
b274e60f-48e7-4b0b-8c1a-c40b63fe4ad4,4.0,3.0,2.0,121,4.8,4.9,4.9,5.0,4.9,4.7,32.0,2.0
915acb10-4ece-4f8d-91aa-d777f707af66,2.0,1.0,1.0,108,4.8,4.7,4.8,5.0,4.8,4.7,29.0,1.0
7459bacd-a3be-4603-ba9b-13fed997234f,1.0,1.0,1.0,78,4.7,4.5,4.9,4.7,4.7,4.6,35.0,1.0
9908bb34-9461-40c1-acf2-3ebc9810377d,4.0,3.0,2.0,129,4.8,4.8,4.9,5.0,4.7,4.6,31.0,2.0
cfbc88da-e88c-415a-b397-108d0948c4ba,4.0,2.0,1.5,240,4.9,5.0,5.0,5.0,4.9,4.8,33.0,2.0
4fea5054-f999-4c07-addc-67e4d893deab,2.0,1.0,1.0,78,4.8,5.0,4.9,4.9,5.0,4.9,54.0,1.0
282118e2-049e-4d9f-b2f2-b47477881b07,4.0,2.0,1.5,113,4.8,5.0,5.0,5.0,5.0,4.8,38.0,2.0
9ebf9cec-624e-480e-8704-dffa7cb1fe51,6.0,3.0,2.0,80,4.7,4.8,5.0,5.0,5.0,4.7,24.0,2.0
d2b06c80-c643-485d-a24b-15d0811a3166,4.0,2.0,1.0,104,4.9,4.9,4.9,4.9,4.9,4.3,29.0,2.0
